FileName,index_type,M,efConstruction,ef,nlist,nprobe,m,nbits,reorder_k,dataCoord*segment*maxSize,queryCoord*autoHandoff,queryCoord*autoBalance,common*gracefulTime,dataNode*segment*insertBufSize,rootCoord*minSegmentSizeToEnableIndex,dataCoord*segment*sealProportion,construction_time,memory,recall,search_time,construct_dc_counts,search_dc_counts
vdb_glove-100-angular,AUTOINDEX,14,478,146,2608,57,8,1,323,671,False,False,52631,8870443209,7284,85,0.0,0,0.847851,0.003980823559686527,1087894,39808235
vdb_glove-100-angular,IVF_SQ8,33,436,477,6523,29,32,3,726,7542,False,True,74047,4778292900,1890,37,0.0,0,0.9822270000000001,0.02104509666096419,4115874,210450966
vdb_glove-100-angular,FLAT,53,153,172,3280,73,1,6,192,6837,True,True,47981,655489024,5418,39,0.0,0,0.999999,0.050694109825417395,1087894,506941098
vdb_glove-100-angular,AUTOINDEX,36,285,903,536,81,2,10,951,5422,False,True,63495,9453822314,9590,67,0.0,0,0.8432990000000001,0.003990419628098606,1087894,39904196
vdb_glove-100-angular,HNSW,47,134,361,1053,13,1,6,961,6740,True,True,17500,9168345292,9140,59,0.0,0,0.967018,0.005847424827516077,6851558,58474248
vdb_glove-100-angular,AUTOINDEX,25,124,876,3561,17,2,9,611,4784,False,True,58455,9594047488,716,99,0.0,0,0.847511,0.004064555652439586,1087894,40645556
vdb_glove-100-angular,IVF_FLAT,13,411,909,3208,66,1,4,999,8595,True,True,49348,9245243569,5821,77,0.0,0,0.9996650000000001,0.026887633651494977,4606753,268876336
vdb_glove-100-angular,IVF_SQ8,52,29,319,9723,26,4,2,195,9640,False,True,79594,238765999,2200,35,0.0,0,0.9595520000000001,0.024825502512976525,5500350,248255025
vdb_glove-100-angular,AUTOINDEX,35,232,661,2269,51,16,7,672,3933,True,True,29384,3158773917,147,96,0.0,0,0.8525400000000002,0.003685830999165772,1087894,36858309
vdb_glove-100-angular,HNSW,22,314,233,6854,49,8,3,813,1356,False,True,55612,6658351778,5246,5,0.0,0,0.9372900000000002,0.004497917671687901,7515173,44979176
vdb_glove-100-angular,IVF_FLAT,7,317,242,2994,82,128,4,637,5335,False,False,93051,6655160226,3295,8,0.0,0,0.9332940000000001,0.028774028853513295,5341735,287740288
vdb_glove-100-angular,IVF_SQ8,43,339,334,6296,72,2,2,683,8008,True,True,48533,2879344561,8132,38,0.0,0,0.9848880000000001,0.053478801320306954,9863110,534788013
vdb_glove-100-angular,HNSW,58,164,822,627,11,8,7,641,4810,False,True,21428,7444426115,9782,14,0.0,0,0.9938690000000002,0.009287536307238041,10348050,92875363
vdb_glove-100-angular,AUTOINDEX,41,221,751,7390,64,2,1,184,1290,False,True,3689,8066278733,5147,41,0.0,0,0.8463309999999999,0.004018033156171438,1087894,40180331
vdb_glove-100-angular,HNSW,37,50,357,1702,67,2,4,318,5235,False,True,86652,2401881161,4572,36,0.0,0,0.954966,0.0056603641482070085,2012604,56603641
vdb_glove-100-angular,AUTOINDEX,52,443,552,5348,94,2,6,752,7663,True,True,51820,9717447158,5045,7,0.0,0,0.8437110000000001,0.004215063969604648,1087894,42150639
vdb_glove-100-angular,HNSW,14,154,314,4783,22,8,10,545,8186,False,False,58397,4524664167,6685,14,0.0,0,0.9098430000000001,0.004269069246947765,2345500,42690692
vdb_glove-100-angular,AUTOINDEX,12,183,412,3482,98,8,8,592,9343,False,False,52763,8738285768,4074,25,0.0,0,0.840448,0.0035228564869612448,1087894,35228564
vdb_glove-100-angular,SCANN,46,272,799,1729,67,16,3,746,6156,False,False,6027,2642848938,8426,53,0.0,0,0.996326,0.0051115125883370634,8115,51115125
vdb_glove-100-angular,AUTOINDEX,62,309,272,4254,14,64,8,267,4750,False,False,67566,3146454165,2288,11,0.0,0,0.8427100000000001,0.0037287482060492034,1087894,37287482
vdb_glove-100-angular,FLAT,32,102,163,3672,27,2,9,875,7920,False,True,73937,7627659887,3011,44,0.0,0,0.999999,0.041801726818084715,1087894,418017268
vdb_glove-100-angular,SCANN,10,361,874,8317,89,64,4,918,6162,True,False,95509,2399262363,1772,70,0.0,0,0.964409,0.005241564288735389,9986,52415642
vdb_glove-100-angular,FLAT,28,94,442,7035,78,1,6,819,9797,True,True,74573,5857757831,1647,77,0.0,0,0.999999,0.04963523910846561,1087894,496352391
vdb_glove-100-angular,SCANN,16,156,858,7529,63,8,6,817,8694,False,True,92481,6840497906,5921,32,0.0,0,0.997027,0.005274997092783449,8888,52749970
vdb_glove-100-angular,IVF_FLAT,30,14,547,9220,41,64,9,419,9356,True,True,59684,5373225701,5978,76,0.0,0,0.999434,0.024189471383579072,8224916,241894713
vdb_glove-100-angular,AUTOINDEX,53,285,130,9768,18,2,5,644,1472,True,False,68392,1657138009,1407,89,0.0,0,0.8468630000000001,0.003937257430516182,1087894,39372574
vdb_glove-100-angular,IVF_FLAT,45,50,706,1198,14,2,1,486,721,True,True,71218,740973457,8209,16,0.0,0,0.9570460000000001,0.00856916361954063,364923,85691636
vdb_glove-100-angular,HNSW,46,227,175,1766,87,8,2,742,6063,False,False,17341,2256710239,974,58,0.0,0,0.946434,0.004547119769267734,11359792,45471197
vdb_glove-100-angular,IVF_PQ,35,336,350,1492,3,2,5,811,3919,False,True,73214,2744711084,5921,63,0.0,0,0.08538000000000001,0.0033285547513514733,97388,33285547
vdb_glove-100-angular,IVF_SQ8,64,483,170,3827,63,16,2,563,8663,True,True,58563,7639087938,4070,72,0.0,0,0.9845310000000002,0.046764953550882636,5245848,467649535
vdb_glove-100-angular,AUTOINDEX,51,327,143,6071,85,32,10,120,7449,True,True,27166,9788774527,9694,41,0.0,0,0.784386,0.0029843969969078894,1087894,29843969
vdb_glove-100-angular,HNSW,19,353,528,6049,54,4,8,192,8840,False,False,10203,1015579329,1395,64,0.0,0,0.9088459999999999,0.005960813001729548,7296507,59608130
vdb_glove-100-angular,HNSW,31,136,318,8231,57,2,5,318,2907,True,False,65286,2358045751,4459,96,0.0,0,0.9537110000000001,0.0054344762116670595,4586562,54344762
vdb_glove-100-angular,IVF_FLAT,5,219,598,6288,76,1,9,306,9031,True,False,39516,6353776115,5867,5,0.0,0,0.9999470000000001,0.029916227236390112,10397832,299162272
vdb_glove-100-angular,IVF_SQ8,64,459,914,6934,29,4,3,174,1346,False,False,4304,7775717077,7724,83,0.0,0,0.9823729999999999,0.02124877427704632,4375206,212487742
vdb_glove-100-angular,SCANN,6,410,614,7165,95,1,1,259,3823,True,False,94198,291481116,2555,53,0.0,0,0.966775,0.0049364412901923005,2817,49364412
vdb_glove-100-angular,AUTOINDEX,48,255,210,6451,97,4,9,843,3300,False,True,9799,4719142297,2240,20,0.0,0,0.8453310000000002,0.004151448723860082,1087894,41514487
vdb_glove-100-angular,AUTOINDEX,49,355,900,3695,94,1,5,801,9283,False,True,17951,9214193848,2693,42,0.0,0,0.846403,0.00368652602192014,1087894,36865260
vdb_glove-100-angular,FLAT,39,373,783,4599,21,1,6,585,2204,False,True,64921,9969745268,8266,34,0.0,0,0.999999,0.04207604012917727,1087894,420760401
vdb_glove-100-angular,IVF_FLAT,44,488,391,9335,74,64,5,589,668,False,True,28893,5604039179,7168,82,0.0,0,0.999991,0.03335977457463741,15030130,333597745
vdb_glove-100-angular,AUTOINDEX,24,118,528,861,91,128,7,774,9165,False,True,92338,3020397689,4844,4,0.0,0,0.843959,0.00407230721320957,1087894,40723072
vdb_glove-100-angular,FLAT,63,362,687,7792,47,2,3,749,2302,True,True,24453,6907477160,9732,97,0.0,0,0.999999,0.04258898454718292,1087894,425889845
vdb_glove-100-angular,FLAT,48,195,986,3057,33,4,3,747,4414,False,True,25768,6422703374,4809,70,0.0,0,0.999999,0.04204110335558652,1087894,420411033
vdb_glove-100-angular,IVF_SQ8,21,277,485,5828,67,8,2,144,1862,True,True,45704,8714586409,4868,40,0.0,0,0.984977,0.04996941382996738,8495932,499694138
vdb_glove-100-angular,SCANN,60,506,902,4118,73,64,9,610,6743,False,False,50675,5646038838,8958,76,0.0,0,0.9937520000000001,0.005086696776561438,6636,50866967
vdb_glove-100-angular,FLAT,22,295,347,3171,68,1,8,697,4661,False,False,99204,579366781,8320,50,0.0,0,0.999999,0.04216867829672992,1087894,421686782
vdb_glove-100-angular,IVF_FLAT,61,129,629,3966,14,8,6,339,8404,False,False,38135,4745276384,2893,73,0.0,0,0.973914,0.009452983574010431,1208084,94529835
vdb_glove-100-angular,HNSW,38,41,937,1826,67,1,1,976,858,False,True,85546,2790672881,4885,53,0.0,0,0.983302,0.00870371558703482,1694939,87037155
vdb_glove-100-angular,AUTOINDEX,17,262,880,4148,53,4,3,636,9147,False,False,6962,6524753036,5689,53,0.0,0,0.846096,0.003952746093273156,1087894,39527460
vdb_glove-100-angular,HNSW,58,335,688,7202,33,1,3,988,7101,False,True,46197,6520384152,1859,22,0.0,0,0.9968819999999999,0.009766248008236287,21137786,97662480
vdb_glove-100-angular,SCANN,23,468,208,5471,60,4,8,919,7572,True,True,26404,2516206595,8514,62,0.0,0,0.9977140000000001,0.005353868496604263,9997,53538684
vdb_glove-100-angular,FLAT,5,137,595,2086,18,128,6,373,6077,False,False,98399,2460208633,5755,48,0.0,0,0.999999,0.042054677638225256,1087894,420546776
vdb_glove-100-angular,IVF_SQ8,44,233,599,4941,55,8,7,876,5879,True,False,59707,7700514087,2014,39,0.0,0,0.98454,0.042213433585129675,5912814,422134335
vdb_glove-100-angular,HNSW,22,440,427,8871,33,128,6,762,7447,False,False,43741,4854018196,1662,44,0.0,0,0.971707,0.005593758868053554,10530816,55937588
vdb_glove-100-angular,IVF_SQ8,33,450,398,1495,8,8,1,937,3046,False,True,27226,7043126249,2709,92,0.0,0,0.9210220000000001,0.009709385549649594,260224,97093855
vdb_glove-100-angular,FLAT,56,304,140,1979,24,2,5,367,4320,True,True,49017,4773980131,6588,77,0.0,0,0.999999,0.04240111233666539,1087894,424011123
vdb_glove-100-angular,SCANN,46,261,514,3613,74,2,4,614,2067,True,True,22870,964654267,4507,63,0.0,0,0.994268,0.004970259615220129,6679,49702596
vdb_glove-100-angular,IVF_SQ8,59,42,583,9830,36,64,8,102,1375,False,False,56168,5344000312,4097,58,0.0,0,0.983591,0.03186675391625613,7699680,318667539
vdb_glove-100-angular,AUTOINDEX,42,31,429,447,15,32,1,929,7392,True,False,30870,7498137771,6216,25,0.0,0,0.8452639999999999,0.0034534861566498857,1087894,34534861
vdb_glove-100-angular,FLAT,63,452,167,8907,52,4,9,398,3179,False,False,24351,1589160516,4474,25,0.0,0,0.999999,0.042782722413539885,1087894,427827224
vdb_glove-100-angular,IVF_SQ8,41,262,269,1306,13,32,10,792,6904,True,True,43328,8258023329,9032,98,0.0,0,0.9463790000000001,0.012707104999572038,369405,127071049
vdb_glove-100-angular,SCANN,62,431,472,4635,33,4,3,247,6938,False,False,45093,7002767722,9114,62,0.0,0,0.964435,0.0046686083544045685,2687,46686083
vdb_glove-100-angular,HNSW,7,458,277,2398,40,128,9,194,8588,False,False,90481,8490348149,9399,47,0.0,0,0.8239119999999999,0.003924981271848076,3487789,39249812
vdb_glove-100-angular,IVF_FLAT,10,325,405,3271,26,16,3,110,8284,False,True,31704,8406536736,7448,96,0.0,0,0.990389,0.013236386887729167,1850421,132363868
vdb_glove-100-angular,SCANN,43,417,386,1866,34,1,8,712,3149,False,True,22479,9072351376,8057,88,0.0,0,0.996057,0.005348038091324263,7745,53480380
vdb_glove-100-angular,IVF_FLAT,54,185,689,7200,46,32,5,606,1599,True,True,51764,731838909,252,53,0.0,0,0.999166,0.021282328548841177,7206211,212823285
vdb_glove-100-angular,IVF_FLAT,60,56,137,893,37,2,2,613,147,False,False,70928,9248996913,9484,12,0.0,0,0.9586989999999997,0.016120937257073815,718902,161209372
vdb_glove-100-angular,AUTOINDEX,40,459,932,9348,22,32,8,520,3427,True,True,18243,2514198960,3485,78,0.0,0,0.8219060000000001,0.003488518274389206,1087894,34885182
vdb_glove-100-angular,SCANN,9,226,231,3177,45,16,9,714,4551,False,False,12080,9947803096,7136,91,0.0,0,0.99577,0.005327988369390363,7767,53279883
vdb_glove-100-angular,IVF_SQ8,40,102,349,7086,72,8,2,837,245,False,True,91231,580473535,9707,83,0.0,0,0.984978,0.054176178923808035,11100699,541761789
vdb_glove-100-angular,AUTOINDEX,15,404,246,8052,69,8,5,140,2832,True,False,78209,3028841508,2657,92,0.0,0,0.8486299999999999,0.003571282047778365,1087894,35712820
vdb_glove-100-angular,IVF_SQ8,26,481,618,3282,91,128,2,444,8942,False,True,44545,3675478208,5345,46,0.0,0,0.984734,0.06451886827126145,6498253,645188682
vdb_glove-100-angular,IVF_FLAT,10,172,943,8404,50,4,4,294,9542,False,True,47723,1726785709,6228,90,0.0,0,0.9996400000000002,0.023455425095744428,9142663,234554250
vdb_glove-100-angular,AUTOINDEX,20,237,161,2653,91,16,3,768,2872,True,False,93959,9670127925,411,10,0.0,0,0.847743,0.003255483973771333,1087894,32554839
vdb_glove-100-angular,SCANN,30,324,662,6064,37,4,6,431,6588,True,False,57451,3407599192,4381,97,0.0,0,0.986368,0.005100044189020981,4688,51000441
vdb_glove-100-angular,IVF_PQ,5,205,758,3165,77,4,6,991,4578,False,True,84088,1397610744,310,90,0.0,0,0.158225,0.01027605461422354,5302505,102760546
vdb_glove-100-angular,HNSW,12,114,298,8586,82,4,9,715,2379,False,True,11550,5275737902,6327,93,0.0,0,0.8835369999999999,0.0039278950542211526,1488239,39278950
vdb_glove-100-angular,SCANN,38,231,369,9135,26,16,3,948,4068,True,False,51554,8228847849,4221,56,0.0,0,0.998132,0.005410226946696638,10313,54102269
vdb_glove-100-angular,HNSW,24,282,886,5822,73,4,9,221,4474,True,True,50902,6584214472,2982,76,0.0,0,0.9921190000000001,0.008470438420772552,7362868,84704384
vdb_glove-100-angular,IVF_PQ,18,479,311,1853,69,4,8,508,1678,True,True,26119,9494561395,8661,13,0.0,0,0.176382,0.008314091898500919,2781898,83140918
vdb_glove-100-angular,HNSW,11,189,466,6857,63,16,6,241,6662,True,False,53542,83402866,5048,49,0.0,0,0.914326,0.004757705959491425,2261732,47577059
vdb_glove-100-angular,SCANN,10,11,907,2558,7,2,2,996,8945,False,False,55177,2248897718,5483,83,0.0,0,0.998343,0.005300397099927066,10835,53003970
vdb_glove-100-angular,IVF_SQ8,15,470,329,4342,74,2,1,921,6723,True,True,52185,5552362420,2990,8,0.0,0,0.984741,0.05421650395728648,6990982,542165039
vdb_glove-100-angular,IVF_SQ8,60,120,448,8953,65,64,7,814,7755,False,False,71123,2939423840,6550,9,0.0,0,0.9851040000000001,0.05023407968692482,12661892,502340796
vdb_glove-100-angular,IVF_SQ8,11,162,116,7962,29,32,5,810,8221,False,False,96200,5202569614,2669,67,0.0,0,0.983032,0.023011200083419676,5023852,230112000
vdb_glove-100-angular,IVF_SQ8,53,382,733,4970,80,4,9,497,7582,False,True,33875,3185295244,5885,34,0.0,0,0.9848290000000001,0.05817382007371634,8650935,581738200
vdb_glove-100-angular,IVF_SQ8,34,340,610,1610,39,2,8,475,6610,False,True,79224,9857305653,511,63,0.0,0,0.981284,0.02907154890708625,1366177,290715489
vdb_glove-100-angular,SCANN,27,331,367,5069,70,8,9,757,5306,True,True,39094,8370793693,2342,30,0.0,0,0.9965289999999999,0.005221757083199916,8235,52217570
vdb_glove-100-angular,FLAT,13,53,274,2533,40,4,6,704,9497,False,False,34016,8161420320,2724,62,0.0,0,0.999999,0.04170704318676144,1087894,417070431
vdb_glove-100-angular,AUTOINDEX,31,362,542,6885,31,64,1,255,1217,False,True,82830,2123110555,6996,78,0.0,0,0.849743,0.00343984859064221,1087894,34398485
vdb_glove-100-angular,HNSW,24,41,197,5974,92,128,7,504,7045,True,False,13923,9065418001,2938,8,0.0,0,0.8855779999999999,0.004077100381255149,1070487,40771003
vdb_glove-100-angular,FLAT,23,41,827,2368,40,32,2,904,6429,True,False,84657,7214173586,5206,43,0.0,0,0.999999,0.042171105300076304,1087894,421711053
vdb_glove-100-angular,IVF_SQ8,55,454,444,2389,64,1,6,854,4084,True,False,97388,2432446448,7790,71,0.0,0,0.984419,0.026728408061899227,3326693,267284080
vdb_glove-100-angular,AUTOINDEX,25,143,675,7435,15,4,2,239,6442,True,False,33647,2070474494,3202,76,0.0,0,0.8455790000000001,0.003396646282635627,1087894,33966462
vdb_glove-100-angular,HNSW,41,200,407,9357,71,2,6,215,8164,False,True,31768,4027688191,598,28,0.0,0,0.9802489999999999,0.006208645878359673,8920733,62086458
vdb_glove-100-angular,FLAT,34,384,264,3594,10,32,2,285,4975,True,False,97534,202313437,4135,93,0.0,0,0.999999,0.0419860492227599,1087894,419860492
vdb_glove-100-angular,SCANN,20,295,539,1528,5,2,8,247,3862,False,False,32460,5541662829,1828,44,0.0,0,0.964742,0.004461901867762196,2687,44619018
vdb_glove-100-angular,IVF_FLAT,4,138,104,3853,89,128,9,321,8446,False,True,57339,3298897977,2227,10,0.0,0,0.999993,0.030565961054526254,7461148,305659610
vdb_glove-100-angular,FLAT,61,451,785,6069,82,128,4,979,7680,False,True,80257,8373516374,7777,61,0.0,0,0.8305470000000001,0.04595194477587938,1087894,459519447
vdb_glove-100-angular,SCANN,36,469,654,3132,82,32,4,948,1500,True,False,8218,1294336347,740,22,0.0,0,0.997875,0.005545939924195408,10313,55459399
vdb_glove-100-angular,FLAT,58,264,249,273,91,4,4,223,5186,False,False,16085,2064534585,9002,73,0.0,0,0.999999,0.042489278805442156,1087894,424892788
vdb_glove-100-angular,HNSW,15,493,424,3895,6,2,9,644,8928,True,False,53287,2259037855,1186,56,0.0,0,0.9486889999999999,0.005335549078881737,8044978,53355490
vdb_glove-100-angular,SCANN,20,455,882,9643,4,128,3,536,7016,True,True,53474,3051414822,9053,71,0.0,0,0.992351,0.004909271607175467,5831,49092716
vdb_glove-100-angular,IVF_SQ8,42,49,665,4414,90,32,2,932,2927,True,False,72450,2496810941,7224,8,0.0,0,0.984877,0.06435310794040561,8643537,643531079
vdb_glove-100-angular,IVF_FLAT,62,260,836,1139,48,16,4,344,6878,False,True,81431,5234620972,6000,15,0.0,0,0.9966950000000001,0.020742635778151452,1189547,207426357
vdb_glove-100-angular,HNSW,36,213,412,1234,36,32,9,461,8940,True,True,29764,402676962,6535,26,0.0,0,0.978886,0.0060578714124858365,8341973,60578714
vdb_glove-100-angular,IVF_SQ8,37,376,217,2278,22,16,8,596,3135,False,False,82160,4516031461,9092,68,0.0,0,0.9730040000000001,0.015951314917765556,1090418,159513149
vdb_glove-100-angular,IVF_PQ,46,479,538,2374,60,1,6,930,9881,True,False,9207,1441369730,1916,82,0.0,0,0.084428,0.008537804498337208,3099193,85378044
vdb_glove-100-angular,AUTOINDEX,30,276,622,8798,2,64,2,877,6033,True,True,80916,6324199965,6814,50,0.0,0,0.846504,0.003570592333562671,1087894,35705923
vdb_glove-100-angular,SCANN,47,402,316,9292,81,8,5,450,3960,False,True,21819,1418532059,4196,88,0.0,0,0.988642,0.005302391527220604,4895,53023915
vdb_glove-100-angular,HNSW,59,299,601,214,81,64,3,425,3518,False,True,68289,1597827436,8672,43,0.0,0,0.9950880000000001,0.00909969296772033,19191543,90996929
vdb_glove-100-angular,IVF_FLAT,20,162,737,3797,62,1,6,689,4186,False,False,96374,2194766823,303,7,0.0,0,0.9996219999999999,0.026504761935211715,5122110,265047619
vdb_glove-100-angular,IVF_FLAT,24,152,528,2772,51,8,3,608,8386,False,False,47404,3168109426,804,52,0.0,0,0.9985970000000001,0.021630905126221477,3075955,216309051
vdb_glove-100-angular,HNSW,24,429,484,3419,8,32,9,541,5470,True,True,33412,2553090555,388,29,0.0,0,0.9785290000000001,0.0061426685890182825,11200959,61426685
vdb_glove-100-angular,IVF_PQ,13,493,461,3285,6,1,2,229,5883,True,True,36868,3392154209,9390,88,0.0,0,0.077955,0.003578563220798968,428847,35785632
vdb_glove-100-angular,SCANN,52,147,698,6367,3,8,7,314,2258,True,False,36811,8184940790,9042,16,0.0,0,0.977082,0.005126118985936044,3415,51261189
vdb_glove-100-angular,FLAT,51,209,546,280,89,16,8,953,3867,False,True,30303,5390787424,2305,18,0.0,0,0.999999,0.042457953584380446,1087894,424579535
vdb_glove-100-angular,IVF_FLAT,21,162,498,9337,24,1,5,533,4135,False,False,30948,3256906835,5010,45,0.0,0,0.9964349999999998,0.017320923646911977,4875681,173209236
vdb_glove-100-angular,AUTOINDEX,64,95,650,1551,68,2,10,561,8468,True,True,15129,3502026922,1315,27,0.0,0,0.8469599999999998,0.004084233567118641,1087894,40842335
vdb_glove-100-angular,IVF_FLAT,54,238,385,266,33,1,7,765,1410,True,False,65968,4440607182,4805,66,0.0,0,0.980252,0.014633307722397147,190990,146333077
vdb_glove-100-angular,SCANN,27,275,948,442,91,16,4,517,4327,False,False,51137,4191071656,1276,80,0.0,0,0.9912460000000001,0.00535916935186833,5624,53591693
vdb_glove-100-angular,IVF_SQ8,26,98,960,6849,41,8,2,594,392,True,False,62865,2550803116,9765,70,0.0,0,0.9843340000000002,0.031630340451374646,6109810,316303404
vdb_glove-100-angular,SCANN,28,296,338,4282,90,64,5,151,6311,True,False,26870,8824517555,941,17,0.0,0,0.9233670000000002,0.004412221699021756,1642,44122216
vdb_glove-100-angular,FLAT,55,331,755,9990,79,64,8,728,6254,False,False,50099,167692727,6394,24,0.0,0,0.999999,0.04188237295020371,1087894,418823729
vdb_glove-100-angular,FLAT,35,139,442,5060,37,4,5,599,7010,False,False,73563,6223394584,2455,21,0.0,0,0.999999,0.041669626138173044,1087894,416696261
vdb_glove-100-angular,IVF_SQ8,57,432,429,3,87,16,7,442,1319,True,False,74378,1934623324,8580,6,0.0,0,0.9423539999999999,0.06362364718224853,5678,636236471
vdb_glove-100-angular,IVF_PQ,50,60,984,244,69,2,9,159,7155,False,False,67919,5908907936,4146,62,0.0,0,0.074699,0.00897329319268465,366315,89732931
vdb_glove-100-angular,AUTOINDEX,49,257,847,2235,98,64,3,596,3159,True,False,94780,6056844423,2695,2,0.0,0,0.845095,0.003603730513714248,1087894,36037305
vdb_glove-100-angular,IVF_FLAT,22,149,582,1924,19,8,6,712,9936,True,False,17039,847933978,9511,42,0.0,0,0.9775439999999999,0.010345307691022751,795381,103453076
vdb_glove-100-angular,IVF_SQ8,25,299,648,5615,40,32,8,545,2359,True,True,43670,4096494663,573,39,0.0,0,0.983584,0.03230608496814966,4886821,323060849
vdb_glove-100-angular,IVF_FLAT,42,179,397,5158,73,16,3,416,2883,False,True,15284,157140591,9155,60,0.0,0,0.9999150000000001,0.02783669247291982,8192583,278366924
vdb_glove-100-angular,FLAT,39,336,578,3957,80,16,1,485,4392,True,True,24803,5607601449,4562,16,0.0,0,0.999999,0.04258769056759774,1087894,425876905
vdb_glove-100-angular,IVF_SQ8,10,234,860,6660,7,64,7,375,8711,False,False,53235,1731977633,8904,42,0.0,0,0.9453580000000001,0.009862228762358425,1014352,98622287
vdb_glove-100-angular,SCANN,33,139,400,5560,90,4,3,651,6615,True,False,15714,1570639394,2497,81,0.0,0,0.9950379999999999,0.005017357133328914,7082,50173571
vdb_glove-100-angular,SCANN,46,210,192,9090,15,32,3,814,3184,True,False,46065,8966331920,1744,60,0.0,0,0.996971,0.005311950109899033,8855,53119501
vdb_glove-100-angular,IVF_FLAT,24,101,694,7002,82,8,8,950,959,False,True,28589,3990652670,1644,58,0.0,0,0.9999809999999999,0.031571522261947385,12492594,315715222
vdb_glove-100-angular,IVF_SQ8,37,251,566,511,7,32,5,939,979,False,True,64194,3801168769,9771,74,0.0,0,0.8807510000000001,0.009246212430298328,77827,92462124
vdb_glove-100-angular,FLAT,30,150,693,1900,19,32,9,446,4839,False,False,25512,2037523615,1283,40,0.0,0,0.999999,0.04217128963209688,1087894,421712896
vdb_glove-100-angular,FLAT,28,366,649,3145,80,128,8,513,9136,False,False,63947,46665761,6289,88,0.0,0,0.999999,0.042464772658422585,1087894,424647726
vdb_glove-100-angular,IVF_PQ,53,9,681,3570,44,1,5,483,2853,True,False,83654,1194918540,5193,86,0.0,0,0.089456,0.007671036757528778,3417728,76710367
vdb_glove-100-angular,SCANN,6,376,800,8131,66,128,9,790,273,True,False,81117,2585138729,4262,24,0.0,0,0.9966940000000001,0.00515972001012414,8594,51597200
vdb_glove-100-angular,SCANN,38,354,814,2436,8,2,2,554,5073,False,False,8863,842242609,3586,8,0.0,0,0.9918400000000002,0.004952967748977244,6026,49529677
vdb_glove-100-angular,IVF_SQ8,23,81,126,8448,66,16,2,532,4330,False,False,28506,5411617235,7798,90,0.0,0,0.9850610000000001,0.05041377416346222,12131500,504137741
vdb_glove-100-angular,AUTOINDEX,34,210,570,7697,1,1,7,895,7844,False,True,90542,3974900736,6099,50,0.0,0,0.8483780000000003,0.0035343168070539792,1087894,35343168
vdb_glove-100-angular,HNSW,59,452,105,6680,67,1,5,326,9476,False,False,63891,8018159313,8173,12,0.0,0,0.933477,0.00577915832400322,29011965,57791583
vdb_glove-100-angular,IVF_SQ8,61,12,646,1717,79,128,6,449,6477,False,True,74196,4801030965,1824,28,0.0,0,0.984259,0.05615021483972669,2951304,561502148
vdb_glove-100-angular,HNSW,55,428,192,2679,42,64,9,936,9910,True,False,50764,4498687342,9336,56,0.0,0,0.94962,0.004732520668767392,25609031,47325206
vdb_glove-100-angular,IVF_PQ,33,247,558,454,94,2,5,974,5869,True,True,5563,2291497505,5197,76,0.0,0,0.053376,0.009643433033488686,928539,96434330
vdb_glove-100-angular,IVF_SQ8,47,169,204,8496,79,128,2,810,9091,False,False,89046,8113474464,612,73,0.0,0,0.985243,0.05898594397585839,14603544,589859439
vdb_glove-100-angular,SCANN,64,425,826,3587,78,2,5,638,6645,True,False,2824,1126081359,2081,64,0.0,0,0.9943900000000001,0.005240325815975665,6940,52403258
vdb_glove-100-angular,SCANN,10,33,155,1580,70,16,10,438,7525,True,False,90383,198526505,3982,80,0.0,0,0.9873300000000002,0.005281832837499677,4764,52818328
vdb_glove-100-angular,SCANN,56,117,773,2527,63,128,6,189,8752,False,False,55245,8529443941,8048,64,0.0,0,0.949996,0.004863573564216483,2056,48635735
vdb_glove-100-angular,IVF_SQ8,12,410,168,8605,96,1,8,809,4246,False,True,23323,7922470685,6883,35,0.0,0,0.9852130000000001,0.07052861750125886,17973754,705286175
vdb_glove-100-angular,SCANN,13,62,120,1223,25,32,2,886,9586,False,False,23823,9262673588,5747,98,0.0,0,0.997526,0.0053652375470846815,9638,53652375
vdb_glove-100-angular,SCANN,64,506,489,8994,54,2,3,696,6636,False,False,2793,7280974254,7617,12,0.0,0,0.9957029999999999,0.005781899509020144,7571,57818995
vdb_glove-100-angular,IVF_PQ,63,393,263,2317,62,4,6,771,1532,True,False,63160,6983064257,9610,51,0.0,0,0.149283,0.009779487270861859,3125607,97794872
vdb_glove-100-angular,IVF_FLAT,32,301,297,8683,29,64,2,423,4102,False,True,25565,6885644480,6833,28,0.0,0,0.9972479999999999,0.01821994737256318,5478787,182199473
vdb_glove-100-angular,IVF_FLAT,4,321,906,999,41,4,2,794,1901,True,True,20164,7779987760,2386,74,0.0,0,0.9943369999999999,0.017805323004722595,891181,178053230
vdb_glove-100-angular,FLAT,27,214,154,3301,42,4,7,515,5032,True,False,18490,9478042957,9407,11,0.0,0,0.999999,0.042740149749442936,1087894,427401497
vdb_glove-100-angular,AUTOINDEX,30,453,622,2669,95,128,8,280,7873,False,True,8773,7486379106,3025,13,0.0,0,0.846226,0.0036856973543763156,1087894,36856973
vdb_glove-100-angular,HNSW,40,91,427,3680,88,2,7,616,4854,False,True,34272,3829209929,302,52,0.0,0,0.9606029999999999,0.005400392995215952,3959935,54003929
vdb_glove-100-angular,SCANN,38,130,805,2781,36,4,7,939,7091,False,True,84816,3532012098,8827,15,0.0,0,0.9977880000000001,0.005059051862917839,10215,50590518
vdb_glove-100-angular,HNSW,15,261,558,4215,87,64,5,477,4459,False,True,85785,3875817292,1834,24,0.0,0,0.954256,0.005606926698237657,4259106,56069266
vdb_glove-100-angular,IVF_SQ8,30,228,719,4155,82,16,5,615,5716,True,False,49723,2242393382,6724,3,0.0,0,0.984727,0.059192196815274656,7413129,591921968
vdb_glove-100-angular,IVF_SQ8,22,324,252,2283,74,64,4,163,6097,False,True,48462,9580773424,3404,2,0.0,0,0.984432,0.05340441586449742,3675820,534044158
vdb_glove-100-angular,AUTOINDEX,25,136,884,7598,90,128,2,356,7041,False,True,77374,856857588,8647,37,0.0,0,0.846324,0.0033445535460487,1087894,33445535
vdb_glove-100-angular,IVF_SQ8,62,64,166,8512,98,64,1,826,4370,True,False,39846,784765673,1127,86,0.0,0,0.9852460000000001,0.0708014726638794,18149906,708014726
vdb_glove-100-angular,FLAT,50,379,109,9475,32,64,7,979,8770,False,True,36569,216025445,5235,51,0.0,0,0.999999,0.04247462765779346,1087894,424746276
vdb_glove-100-angular,IVF_SQ8,28,147,555,8282,27,16,1,625,9226,True,False,5104,758792145,3299,90,0.0,0,0.9832060000000001,0.02265218892134726,4865367,226521889
vdb_glove-100-angular,IVF_SQ8,19,18,448,9478,17,64,8,147,5395,False,False,68504,433610411,7111,40,0.0,0,0.979648,0.018246511952020227,3505761,182465119
vdb_glove-100-angular,IVF_FLAT,61,473,332,6625,86,32,4,914,6604,True,False,15632,4128260296,4537,67,0.0,0,0.9999889999999999,0.03277049975004047,12396555,327704997
vdb_glove-100-angular,FLAT,23,127,621,8768,20,16,2,394,3246,True,False,60403,2968667307,7809,7,0.0,0,0.999999,0.04301758492365479,1087894,430175849
vdb_glove-100-angular,HNSW,7,121,432,7332,82,128,7,855,7749,False,True,4431,1868771899,871,35,0.0,0,0.8428329999999999,0.0041109604295343155,921446,41109604
vdb_glove-100-angular,SCANN,13,297,289,3346,33,128,10,377,231,True,True,68866,1979821891,971,27,0.0,0,0.9835290000000001,0.004860857687890528,4101,48608576
vdb_glove-100-angular,SCANN,47,160,142,8941,89,16,4,760,8150,False,True,33501,7880383026,2908,62,0.0,0,0.99615,0.005330858286470159,8267,53308582
vdb_glove-100-angular,IVF_FLAT,16,35,837,1131,72,128,6,150,934,True,True,87379,5847945983,9831,15,0.0,0,0.9996380000000001,0.02607981686014682,1771788,260798168
vdb_glove-100-angular,HNSW,5,115,378,2546,21,64,9,611,9507,False,False,15046,3363799141,5818,73,0.0,0,0.747334,0.0036296629812568398,625539,36296629
vdb_glove-100-angular,IVF_SQ8,22,257,171,9919,56,1,8,543,5942,True,False,24279,2654592789,2589,15,0.0,0,0.985232,0.04508428601548076,12085722,450842860
vdb_glove-100-angular,IVF_FLAT,41,205,586,4312,59,128,7,430,5167,False,True,30159,8809328835,9520,39,0.0,0,0.9995689999999998,0.025039624422788617,5535380,250396244
vdb_glove-100-angular,IVF_SQ8,12,100,943,4428,33,8,4,321,7139,True,True,43934,1305469600,7598,42,0.0,0,0.982195,0.022443481930531563,3179349,224434819
vdb_glove-100-angular,FLAT,33,389,466,3234,17,2,8,662,1724,False,False,13440,5211644806,7595,3,0.0,0,0.999999,0.042099031270481646,1087894,420990312
vdb_glove-100-angular,SCANN,38,271,585,2491,34,4,3,606,1478,True,True,66900,1021695051,6753,45,0.0,0,0.9935820000000002,0.0048688163515180315,6592,48688163
vdb_glove-100-angular,IVF_FLAT,56,214,563,6173,45,128,4,133,5533,True,True,65884,6502412623,4778,47,0.0,0,0.9988970000000001,0.02086101239547133,6044014,208610123
vdb_glove-100-angular,AUTOINDEX,5,300,422,8192,30,64,7,321,3994,True,False,32585,8357583254,918,96,0.0,0,0.8443220000000001,0.003939800965599712,1087894,39398009
vdb_glove-100-angular,FLAT,42,442,783,5008,37,1,4,175,232,True,True,48509,9648125712,9424,90,0.0,0,0.999999,0.04221247108653187,1087894,422124710
vdb_glove-100-angular,FLAT,16,123,145,4873,73,1,8,640,8874,False,True,52437,7191074008,385,85,0.0,0,0.999999,0.0426076519768685,1087894,426076519
vdb_glove-100-angular,IVF_SQ8,34,438,201,3574,5,1,9,763,4937,False,True,94619,94590044,8753,73,0.0,0,0.9115939999999999,0.008027719240635632,388813,80277192
vdb_glove-100-angular,IVF_FLAT,14,184,945,4908,33,8,4,211,4289,True,True,99672,1492870938,9961,49,0.0,0,0.995877,0.016612587636336683,3523994,166125876
vdb_glove-100-angular,IVF_FLAT,61,486,553,7979,31,64,2,259,6846,True,True,48227,6872969836,8822,23,0.0,0,0.9969790000000001,0.018399519799277182,5381791,183995197
vdb_glove-100-angular,IVF_FLAT,54,423,512,1968,55,2,6,279,7910,True,False,46534,4870520455,7343,79,0.0,0,0.9986880000000001,0.022380472999066103,2355073,223804729
vdb_glove-100-angular,IVF_FLAT,53,57,567,7771,61,4,3,283,7713,False,True,22955,1012793780,1627,19,0.0,0,0.9998580000000001,0.02717807488515973,10313912,271780748
vdb_glove-100-angular,IVF_SQ8,57,424,555,9505,69,2,7,639,1243,False,True,41368,2187775136,7583,77,0.0,0,0.9852850000000001,0.05323695922270417,14269800,532369592
vdb_glove-100-angular,IVF_FLAT,37,203,382,6344,99,2,7,768,5242,False,True,99434,4312026148,3060,36,0.0,0,0.999999,0.03519758298061788,13665170,351975829
vdb_glove-100-angular,SCANN,43,365,226,39,56,2,7,554,1216,False,True,20229,9885610317,1116,75,0.0,0,0.922543,0.003704423084855077,6026,37044230
vdb_glove-100-angular,HNSW,41,393,110,8224,56,16,5,196,663,True,False,92902,2630229873,7748,18,0.0,0,0.9188140000000001,0.004180684895254669,17529240,41806848
vdb_glove-100-angular,SCANN,17,138,831,3260,25,1,2,157,8898,True,False,17300,8661071344,3119,37,0.0,0,0.9326200000000001,0.004683211888186632,1707,46832118
vdb_glove-100-angular,SCANN,42,334,370,7467,57,8,9,153,2416,False,True,44578,408644599,2561,85,0.0,0,0.933674,0.0050819080090150235,1664,50819080
vdb_glove-100-angular,IVF_FLAT,19,32,292,3156,81,4,8,901,7614,True,True,21867,4433165069,4939,25,0.0,0,0.9999450000000001,0.02959149936214089,5562098,295914993
vdb_glove-100-angular,HNSW,43,214,716,9221,65,1,8,922,6450,False,True,32122,5975502016,9156,41,0.0,0,0.9933540000000001,0.008779971790499984,10010803,87799717
vdb_glove-100-angular,FLAT,36,232,812,5224,92,1,2,300,737,True,True,43901,1327028466,6023,55,0.0,0,0.999999,0.04275790469255298,1087894,427579046
vdb_glove-100-angular,FLAT,35,387,537,890,32,1,4,313,2266,True,False,41977,9324304701,4078,85,0.0,0,0.999999,0.0434606863418594,1087894,434606863
vdb_glove-100-angular,HNSW,36,286,533,9815,84,8,3,576,6494,False,True,13769,1935456267,9684,16,0.0,0,0.988756,0.007107547903433439,11200959,71075479
vdb_glove-100-angular,IVF_SQ8,41,361,668,3540,7,1,5,606,2667,True,False,291,5953255043,7270,99,0.0,0,0.9304459999999999,0.009220447950065134,539160,92204479
vdb_glove-100-angular,AUTOINDEX,14,124,319,9603,74,8,8,850,8128,True,False,72102,9677106413,866,55,0.0,0,0.849766,0.0037503908853977882,1087894,37503908
vdb_glove-100-angular,IVF_SQ8,45,257,418,8524,22,8,7,243,379,True,False,15191,3313431288,2339,50,0.0,0,0.9812189999999998,0.018915140186436474,4080212,189151401
vdb_glove-100-angular,IVF_PQ,51,375,353,8240,19,1,10,783,3697,True,False,50807,1322401013,6555,12,0.0,0,0.142086,0.006855687336064872,3406414,68556873
vdb_glove-100-angular,IVF_SQ8,20,273,994,7675,7,2,2,220,4485,False,False,60256,7931522805,3004,70,0.0,0,0.9505319999999999,0.009678873512893914,1168942,96788735
vdb_glove-100-angular,IVF_PQ,26,98,154,1157,46,4,10,941,1309,False,False,14895,6361332758,4403,39,0.0,0,0.20251400000000003,0.007614820078015327,1157998,76148200
vdb_glove-100-angular,SCANN,4,191,452,7195,83,4,9,163,986,False,True,99876,6619902040,9607,35,0.0,0,0.9300390000000002,0.004497719625942406,1773,44977196
vdb_glove-100-angular,IVF_SQ8,50,33,595,7976,33,1,10,767,1676,False,True,2319,1632975108,1059,77,0.0,0,0.9840260000000001,0.02488258127123117,5726849,248825812
vdb_glove-100-angular,IVF_FLAT,47,427,339,2734,58,4,4,363,277,True,True,81630,1001138775,2719,59,0.0,0,0.9992559999999999,0.023106483044102788,3450191,231064830
vdb_glove-100-angular,FLAT,40,43,971,7728,44,8,6,359,7892,False,True,59119,5256762155,351,28,0.0,0,0.999999,0.042124220263212914,1087894,421242202
vdb_glove-100-angular,AUTOINDEX,55,207,467,3561,83,4,6,920,3275,True,True,77489,5657274537,6992,74,0.0,0,0.851023,0.0036324798595160175,1087894,36324798
vdb_glove-100-angular,FLAT,38,28,744,242,59,4,3,623,7030,True,True,30692,4203898033,1955,82,0.0,0,0.999999,0.04206387447193265,1087894,420638744
vdb_glove-100-angular,AUTOINDEX,35,17,692,1311,5,32,3,128,441,False,False,29743,6696367351,2866,35,0.0,0,0.8472560000000001,0.00351703008636832,1087894,35170300
vdb_glove-100-angular,IVF_PQ,27,364,981,8846,88,1,7,301,5175,False,False,80346,4327393059,5801,4,0.0,0,0.12286200000000001,0.010393546381965279,16937382,103935463
vdb_glove-100-angular,FLAT,21,476,348,9405,57,1,4,107,7087,False,False,34603,4445237590,1903,7,0.0,0,0.999999,0.04226175190415233,1087894,422617519
vdb_glove-100-angular,IVF_FLAT,48,65,665,6745,32,2,4,863,9139,False,False,69868,6929350811,9641,97,0.0,0,0.9965070000000001,0.01713028959929942,4696222,171302895
vdb_glove-100-angular,IVF_FLAT,48,37,221,8006,85,1,7,281,9748,True,False,33143,8485741006,2956,6,0.0,0,0.999999,0.03483817430678754,14806458,348381743
vdb_glove-100-angular,FLAT,59,34,942,2948,60,16,8,643,6381,True,True,96113,9101065129,7445,62,0.0,0,0.999999,0.04198098187334835,1087894,419809818
vdb_glove-100-angular,IVF_SQ8,60,323,752,2139,8,1,3,879,382,True,False,35693,144534847,8618,39,0.0,0,0.9284830000000002,0.00979884399566799,372320,97988439
vdb_glove-100-angular,AUTOINDEX,28,141,547,2860,59,1,6,740,2080,False,False,32769,331204515,3992,83,0.0,0,0.84573,0.004295282671228039,1087894,42952826
vdb_glove-100-angular,SCANN,41,209,906,4172,15,2,10,133,3716,False,False,88402,8101177757,8814,5,0.0,0,0.910568,0.00449733044952154,1446,44973304
vdb_glove-100-angular,FLAT,39,318,976,3130,1,32,5,554,2138,True,True,54922,3074822974,8167,69,0.0,0,0.999999,0.0430445926496759,1087894,430445926
vdb_glove-100-angular,AUTOINDEX,11,213,368,5261,78,64,9,475,6368,True,True,70704,2739263076,4516,46,0.0,0,0.848259,0.004032812197692692,1087894,40328121
vdb_glove-100-angular,IVF_SQ8,5,220,758,2540,88,8,6,576,204,True,False,4077,1070623190,1976,16,0.0,0,0.984502,0.062453799438662826,4863322,624537994
vdb_glove-100-angular,IVF_SQ8,44,157,652,4572,87,128,5,963,5755,False,False,92878,4879965275,2728,76,0.0,0,0.9849630000000001,0.06268798490054905,8654503,626879849
vdb_glove-100-angular,IVF_SQ8,37,440,501,7154,45,8,8,758,5068,True,True,97718,5400330073,7078,87,0.0,0,0.9846330000000002,0.03541476633399725,7004516,354147663
vdb_glove-100-angular,IVF_PQ,13,83,201,8583,77,2,4,471,2637,True,False,95275,9423673167,3204,13,0.0,0,0.12619900000000003,0.011364425905048846,14379590,113644259
vdb_glove-100-angular,SCANN,41,488,991,2441,2,64,3,867,4529,False,True,11768,8313107828,7448,51,0.0,0,0.97846,0.004359157942235465,9432,43591579
vdb_glove-100-angular,IVF_SQ8,15,116,295,9834,10,8,2,512,609,True,False,81022,9624609353,6352,34,0.0,0,0.9695830000000002,0.012420508591458199,2139670,124205085
vdb_glove-100-angular,HNSW,31,242,396,9522,80,4,5,197,9848,True,False,30358,8953215453,5102,61,0.0,0,0.9765159999999999,0.005980782140977678,8161383,59807821
vdb_glove-100-angular,IVF_FLAT,52,219,389,1034,97,4,2,257,3464,True,False,76076,8468030503,6605,10,0.0,0,0.999993,0.03276592928450554,2182272,327659292
vdb_glove-100-angular,IVF_FLAT,21,408,900,8385,22,128,1,894,1479,False,False,29119,8656314994,8689,13,0.0,0,0.9938389999999999,0.014705979172140355,4013677,147059791
vdb_glove-100-angular,SCANN,14,19,757,3960,85,2,7,101,6835,False,True,46640,5592919642,629,54,0.0,0,0.878336,0.004791907174512739,1098,47919071
vdb_glove-100-angular,IVF_SQ8,21,461,882,1283,23,2,7,967,2346,False,False,1280,5854705087,5970,78,0.0,0,0.9697389999999999,0.01963591841049492,642053,196359184
vdb_glove-100-angular,AUTOINDEX,35,115,330,6144,38,16,7,716,9351,True,True,23863,1091700629,2535,26,0.0,0,0.8443220000000001,0.004130643722601235,1087894,41306437
vdb_glove-100-angular,FLAT,19,440,207,7123,4,16,10,928,5900,True,True,7113,8223108888,763,40,0.0,0,0.999999,0.04277643538080156,1087894,427764353
vdb_glove-100-angular,IVF_PQ,12,104,541,6457,10,4,1,512,4193,True,False,82199,3729623995,3545,86,0.0,0,0.10505700000000001,0.005272547737695276,1404906,52725477
vdb_glove-100-angular,FLAT,51,461,474,553,13,128,3,398,3500,True,False,35584,5572425862,6277,28,0.0,0,0.999999,0.041888189897872505,1087894,418881898
vdb_glove-100-angular,IVF_FLAT,12,303,559,7151,4,2,7,172,2517,False,True,59837,6188855235,3272,7,0.0,0,0.921918,0.0048526514554396265,622362,48526514
vdb_glove-100-angular,AUTOINDEX,34,134,542,6109,56,16,8,935,8541,True,False,34130,6483963466,9269,88,0.0,0,0.8427029999999999,0.0037919439142569825,1087894,37919439
vdb_glove-100-angular,AUTOINDEX,14,386,696,8540,89,128,2,629,7423,False,False,95366,5671905844,9983,98,0.0,0,0.844309,0.003519593877717852,1087894,35195938
vdb_glove-100-angular,SCANN,31,511,345,8805,55,1,2,241,1111,True,False,3996,6499732323,7554,49,0.0,0,0.9636459999999999,0.004834443284198639,2621,48344432
vdb_glove-100-angular,HNSW,14,172,482,5088,83,64,7,801,9059,False,False,84397,1584197340,3841,71,0.0,0,0.9360289999999999,0.004978334414772684,2619649,49783344
vdb_glove-100-angular,IVF_FLAT,18,406,596,7069,72,1,8,698,2351,True,False,38768,1221106161,6716,66,0.0,0,0.9999080000000001,0.029143556486815204,11074067,291435564
vdb_glove-100-angular,AUTOINDEX,33,159,538,957,94,64,4,340,1395,False,True,47676,3594926561,1224,62,0.0,0,0.8455389999999999,0.004002377367578435,1087894,40023773
vdb_glove-100-angular,IVF_SQ8,45,106,390,7683,74,128,3,307,2875,True,True,40515,5723190160,9545,20,0.0,0,0.9850460000000001,0.05575595377013087,12370271,557559537
vdb_glove-100-angular,IVF_SQ8,44,191,671,5113,67,8,1,500,8739,True,True,48922,7584089755,9998,81,0.0,0,0.9848619999999999,0.050071996194310485,7453620,500719961
vdb_glove-100-angular,IVF_FLAT,4,77,963,1147,23,1,1,890,8167,False,False,90443,6652791456,9477,14,0.0,0,0.9797060000000001,0.011017070082016288,573994,110170700
vdb_glove-100-angular,HNSW,38,399,836,5327,43,4,9,802,5372,False,False,50932,6806695746,4293,23,0.0,0,0.996999,0.009978816215880214,16494653,99788162
vdb_glove-100-angular,AUTOINDEX,7,287,708,4569,74,4,7,534,8578,True,False,73696,455154428,9852,30,0.0,0,0.846668,0.0034350528614595518,1087894,34350528
vdb_glove-100-angular,IVF_PQ,55,119,376,8840,16,2,5,213,8185,True,True,2040,9435775677,9660,99,0.0,0,0.13570500000000002,0.006632328545674681,3077435,66323285
vdb_glove-100-angular,HNSW,43,38,991,8302,88,4,7,311,7138,True,True,71475,1637189714,5215,62,0.0,0,0.9852369999999999,0.009543564915657042,1777619,95435649
vdb_glove-100-angular,FLAT,10,139,236,689,74,2,2,432,532,False,False,36991,1696816579,8787,60,0.0,0,0.999999,0.04191812672652304,1087894,419181267
vdb_glove-100-angular,HNSW,25,503,672,5065,92,4,4,990,1342,True,True,20854,4086630915,5151,70,0.0,0,0.9900370000000001,0.007568912277929483,13680270,75689122
vdb_glove-100-angular,IVF_SQ8,36,19,498,5689,70,8,9,138,5071,False,True,8093,8091389275,9861,48,0.0,0,0.9850389999999999,0.051867281459271906,8664642,518672814
vdb_glove-100-angular,IVF_PQ,50,478,555,2990,35,4,2,915,7327,True,False,31810,96025067,4856,53,0.0,0,0.09446900000000001,0.008350302348844705,2276962,83503023
vdb_glove-100-angular,AUTOINDEX,39,83,677,4058,30,16,5,108,8672,True,True,82734,8606908450,845,38,0.0,0,0.838358,0.0033363769762217985,1087894,33363769
vdb_glove-100-angular,IVF_SQ8,20,60,775,4882,20,16,9,391,8584,True,True,46782,6419723347,9047,40,0.0,0,0.9757979999999999,0.01607697966974228,2124439,160769796
vdb_glove-100-angular,IVF_SQ8,49,115,965,4744,21,128,7,348,3215,False,True,51063,4261819352,5402,5,0.0,0,0.97695,0.016287175216712056,2167607,162871752
vdb_glove-100-angular,AUTOINDEX,32,79,102,8015,68,128,4,962,8636,True,False,13829,3122506566,1531,52,0.0,0,0.849059,0.003992354846559456,1087894,39923548
vdb_glove-100-angular,SCANN,58,8,160,8635,96,1,10,592,6401,True,True,94751,593802907,4773,92,0.0,0,0.9934139999999999,0.005004860344342887,6440,50048603
vdb_glove-100-angular,HNSW,60,145,214,696,52,64,4,949,1668,False,True,58704,8147648658,4732,84,0.0,0,0.947896,0.004971934598870572,9464680,49719345
vdb_glove-100-angular,HNSW,31,247,535,767,48,1,9,675,4336,True,False,93662,9217727646,4244,7,0.0,0,0.986223,0.006902285665273665,8330006,69022856
vdb_glove-100-angular,IVF_SQ8,5,188,256,8312,70,128,2,748,755,False,False,35879,3009247045,7517,9,0.0,0,0.98513,0.05302802720107138,12659608,530280272
vdb_glove-100-angular,IVF_SQ8,43,29,503,3649,18,4,8,369,5727,True,False,50837,9480284506,3599,11,0.0,0,0.9710850000000001,0.015749338921159504,1429101,157493389
vdb_glove-100-angular,AUTOINDEX,41,483,417,8394,77,1,1,990,1994,False,True,41078,1738299749,1747,18,0.0,0,0.846564,0.0041251241695135785,1087894,41251241
vdb_glove-100-angular,IVF_FLAT,7,27,284,8555,51,4,10,493,5901,True,False,37526,896829122,9959,89,0.0,0,0.9997510000000002,0.02636230878997594,9493074,263623087
vdb_glove-100-angular,IVF_SQ8,30,326,401,8674,84,64,9,587,5256,False,True,37221,64459213,8304,2,0.0,0,0.9851080000000002,0.06229626031126827,15853143,622962603
vdb_glove-100-angular,FLAT,31,240,422,9433,25,2,4,621,4065,False,False,34704,7491646868,8700,27,0.0,0,0.999999,0.04262465895153581,1087894,426246589
vdb_glove-100-angular,AUTOINDEX,24,337,449,2454,80,2,10,249,1548,False,True,84519,5059393029,8371,42,0.0,0,0.848259,0.004264251003041862,1087894,42642510
vdb_glove-100-angular,IVF_FLAT,32,111,898,7357,64,16,3,656,9763,False,False,6885,7850318201,5281,96,0.0,0,0.999825,0.02733213687315583,10244657,273321368
vdb_glove-100-angular,HNSW,50,508,615,8602,99,16,4,925,3784,False,False,1797,623901969,5694,93,0.0,0,0.9969210000000001,0.011981669580563898,27632515,119816695
vdb_glove-100-angular,IVF_FLAT,55,66,348,7075,46,2,6,859,3618,True,False,97554,1202901044,4993,63,0.0,0,0.999021,0.02095868964679539,7081103,209586896
vdb_glove-100-angular,HNSW,31,122,202,8276,38,16,5,884,4427,True,False,94958,9944524766,9132,59,0.0,0,0.92217,0.004347207047976552,4114416,43472070
vdb_glove-100-angular,IVF_PQ,33,507,494,5747,61,4,9,408,130,False,True,3657,8332199452,2286,11,0.0,0,0.22360300000000005,0.01056048017926514,7627596,105604801
vdb_glove-100-angular,FLAT,33,338,910,7507,78,8,1,713,7739,True,True,8210,2558742801,488,72,0.0,0,0.999999,0.042949882615357635,1087894,429498826
vdb_glove-100-angular,AUTOINDEX,28,280,872,7949,46,32,5,208,2898,False,False,83268,8833966109,7206,89,0.0,0,0.846716,0.003926678909920149,1087894,39266789
vdb_glove-100-angular,HNSW,34,273,141,5257,16,1,6,272,9696,False,True,46090,8326763777,1157,15,0.0,0,0.9233889999999999,0.004109640535898506,10097834,41096405
vdb_glove-100-angular,HNSW,7,185,969,2291,23,32,3,910,5072,True,False,60770,653962823,1551,65,0.0,0,0.9076049999999999,0.009573873458430169,1408823,95738734
vdb_glove-100-angular,IVF_SQ8,52,58,183,5024,98,64,3,236,9859,True,False,21248,3563806263,8218,57,0.0,0,0.9076049999999999,0.00927088460884988,10712538,92708846
vdb_glove-100-angular,FLAT,23,39,983,1045,52,2,8,546,2763,True,False,86322,6540666619,2970,69,0.0,0,0.9683830000000002,0.10556104376446455,1087894,1055610437
vdb_glove-100-angular,IVF_FLAT,34,25,250,1103,55,16,4,283,2431,True,False,21267,9258367415,2381,65,0.0,0,0.9594400000000002,0.057908495096489786,1319942,579084950
vdb_glove-100-angular,AUTOINDEX,45,175,846,2818,88,1,2,386,403,True,True,97317,8756366287,7872,19,0.0,0,0.9593969999999999,0.05788943211082369,1087894,578894321
vdb_glove-100-angular,IVF_FLAT,6,133,469,809,68,2,5,969,4588,False,False,59526,9080700882,8557,67,0.0,0,0.9693599999999999,0.070806175051257,1196944,708061750
vdb_glove-100-angular,HNSW,50,123,440,6056,92,128,7,348,4011,True,False,91601,7400799715,6285,86,0.0,0,0.968891,0.0708915744209662,6690549,708915744
vdb_glove-100-angular,IVF_PQ,4,22,494,9455,33,4,6,366,6758,True,False,37686,1622130137,2487,68,0.0,0,0.9853720000000001,0.10203584120608866,6788786,1020358412
vdb_glove-100-angular,IVF_FLAT,36,269,485,6639,96,64,6,664,2187,False,True,75795,3194296263,8628,8,0.0,0,0.9852360000000001,0.10182218283880501,13867258,1018221828
vdb_glove-100-angular,HNSW,46,101,761,5043,60,16,8,811,1083,True,False,25891,9827690474,4753,92,0.0,0,0.967042,0.11412098389118909,5054356,1141209838
vdb_glove-100-angular,AUTOINDEX,25,384,680,2898,78,64,2,981,4523,False,True,44319,7130174832,9625,79,0.0,0,0.8449549999999999,0.007396657625213258,1087894,73966576
vdb_glove-100-angular,IVF_SQ8,58,69,203,3484,16,1,6,958,6025,False,False,4649,5619797158,7945,79,0.0,0,0.8449549999999999,0.007396657625213258,1212871,73966576
vdb_glove-100-angular,AUTOINDEX,50,184,495,2937,32,1,8,382,4350,False,True,20045,3111277114,6880,82,0.0,0,0.844023,0.007552441139705477,1087894,75524411
vdb_glove-100-angular,AUTOINDEX,34,463,258,9727,33,8,9,360,7422,False,True,39973,351741976,6744,18,0.0,0,0.844023,0.007552441139705477,1087894,75524411
vdb_glove-100-angular,AUTOINDEX,15,115,115,4599,11,128,5,914,577,False,True,6014,2939716186,5057,73,0.0,0,0.840759,0.0034817168489098484,1087894,34817168
vdb_glove-100-angular,IVF_FLAT,40,343,834,1212,85,8,3,186,7614,False,True,20600,364941409,9698,4,0.0,0,0.999934,0.02945653276983648,2241497,294565327
vdb_glove-100-angular,IVF_SQ8,44,254,274,9003,60,64,8,743,5402,True,False,17374,8506611447,7741,69,0.0,0,0.9851260000000002,0.046865512640215455,11753174,468655126
vdb_glove-100-angular,IVF_FLAT,20,508,149,7587,67,64,9,730,2213,True,True,23165,5866726457,4548,59,0.0,0,0.999919,0.02801817229483276,11060164,280181722
vdb_glove-100-angular,FLAT,52,133,581,426,82,64,7,163,2495,False,False,64105,4282737806,9687,14,0.0,0,0.999999,0.04253448180388659,1087894,425344818
vdb_glove-100-angular,IVF_FLAT,64,91,268,2602,4,2,4,429,4249,False,False,65647,1763718294,9673,85,0.0,0,0.8919889999999999,0.004468775843270117,226456,44687758
vdb_glove-100-angular,HNSW,62,31,317,2079,82,2,9,364,2777,False,False,96373,4743825640,3016,9,0.0,0,0.9400350000000001,0.0053070821333676575,2090932,53070821
vdb_glove-100-angular,SCANN,8,242,510,170,14,4,2,998,984,True,False,62877,6166757600,5301,61,0.0,0,0.9311220000000001,0.004254007944837212,10857,42540079
vdb_glove-100-angular,HNSW,36,423,794,6714,64,1,3,472,6366,False,False,10871,2996719944,361,49,0.0,0,0.996692,0.009601011546328662,16566454,96010115
vdb_glove-100-angular,SCANN,58,366,949,2261,31,1,2,635,5222,True,False,50762,3368893363,5314,55,0.0,0,0.9944200000000001,0.005237865587696431,6908,52378655
vdb_glove-100-angular,IVF_PQ,18,244,292,8868,39,1,4,636,4401,True,False,7661,4509402555,8945,23,0.0,0,0.11156599999999998,0.008156175934709608,7525008,81561759
vdb_glove-100-angular,IVF_SQ8,10,409,166,7186,71,8,6,409,7486,False,True,7828,8987235751,6658,90,0.0,0,0.9851460000000001,0.053567351307719946,11101003,535673513
vdb_glove-100-angular,HNSW,46,167,323,1089,55,64,5,847,3827,False,True,5372,973319000,5217,10,0.0,0,0.9697480000000002,0.005387095105834302,8357203,53870951
vdb_glove-100-angular,HNSW,41,383,685,5410,77,16,7,686,5825,False,True,44883,2428928965,9798,7,0.0,0,0.9958950000000001,0.009158376860432325,17083204,91583768
vdb_glove-100-angular,IVF_FLAT,44,224,822,4553,24,1,6,245,1262,True,True,21122,3844768012,7553,10,0.0,0,0.990525,0.013264207658357917,2377527,132642076
vdb_glove-100-angular,SCANN,33,417,385,659,22,32,7,606,2928,True,False,71210,6188298631,8555,2,0.0,0,0.9937830000000002,0.004985690559260547,6592,49856905
vdb_glove-100-angular,FLAT,61,364,462,2563,27,64,4,669,4902,False,True,95493,7701287312,1548,31,0.0,0,0.999999,0.0435695688938722,1087894,435695688
vdb_glove-100-angular,AUTOINDEX,40,361,177,8367,65,8,5,886,3988,True,False,29189,3702488582,633,61,0.0,0,0.848627,0.004296214249916374,1087894,42962142
vdb_glove-100-angular,HNSW,14,489,427,362,85,8,1,302,4751,True,True,69996,1141127077,7859,7,0.0,0,0.941809,0.00493291865568608,7447724,49329186
vdb_glove-100-angular,FLAT,48,98,766,6504,18,64,5,637,2334,False,True,12891,6160686256,8318,81,0.0,0,0.999999,0.042301553976722056,1087894,423015539
vdb_glove-100-angular,IVF_SQ8,16,289,692,4549,5,2,2,698,4133,False,True,10411,6967362959,921,52,0.0,0,0.9173810000000001,0.008813989511691033,494883,88139895
vdb_glove-100-angular,IVF_FLAT,30,387,538,2875,9,128,2,584,9906,False,True,50343,5808547742,288,84,0.0,0,0.948357,0.007055132999084886,562985,70551329
vdb_glove-100-angular,AUTOINDEX,25,495,175,5729,80,8,2,980,7515,False,True,94818,986052692,941,86,0.0,0,0.8471540000000001,0.003951638378202902,1087894,39516383
vdb_glove-100-angular,FLAT,14,126,361,3634,63,16,7,716,3932,True,False,42293,8795438628,4939,3,0.0,0,0.999999,0.042736614821478724,1087894,427366148
vdb_glove-100-angular,SCANN,57,265,833,6283,25,8,4,893,9540,True,False,48428,1755551207,9024,43,0.0,0,0.997318,0.005657204659655678,9714,56572046
vdb_glove-100-angular,IVF_FLAT,8,472,885,6966,45,4,9,908,2576,False,False,66247,268873504,427,10,0.0,0,0.9989020000000001,0.021632591541856525,6820444,216325915
vdb_glove-100-angular,FLAT,15,252,118,768,77,128,8,382,6009,False,True,35629,3452892810,956,45,0.0,0,0.999999,0.0424611025257036,1087894,424611025
vdb_glove-100-angular,AUTOINDEX,57,300,955,8644,26,1,4,571,8916,False,True,39537,5187190192,299,72,0.0,0,0.8469270000000001,0.003825292875990271,1087894,38252928
vdb_glove-100-angular,IVF_FLAT,26,176,900,1142,60,64,5,561,5498,False,True,18461,3977725538,6834,45,0.0,0,0.998872,0.021661940519697963,1490850,216619405
vdb_glove-100-angular,AUTOINDEX,59,173,361,876,56,1,3,244,3214,False,True,34843,9168878836,6721,61,0.0,0,0.847231,0.0037933312356471997,1087894,37933312
vdb_glove-100-angular,AUTOINDEX,22,367,424,2906,80,8,4,695,2323,False,True,30235,7916084481,6822,92,0.0,0,0.845357,0.0037832213798537837,1087894,37832213
vdb_glove-100-angular,IVF_FLAT,53,465,504,5830,4,2,5,781,9876,False,False,70321,3572029913,7750,91,0.0,0,0.9163819999999999,0.004912441945634779,507393,49124419
vdb_glove-100-angular,IVF_SQ8,31,422,134,9222,73,16,6,985,623,True,True,12176,6782401047,581,18,0.0,0,0.9852410000000001,0.05563375782221556,14647539,556337578
vdb_glove-100-angular,IVF_PQ,12,212,707,7726,64,4,4,567,7733,True,True,57713,2045709640,3312,20,0.0,0,0.15208400000000002,0.010997009160928427,10758491,109970091
vdb_glove-100-angular,SCANN,20,182,691,7547,62,32,7,956,2852,False,True,62382,3633469482,1496,31,0.0,0,0.9978779999999999,0.005207780865021047,10400,52077808
vdb_glove-100-angular,FLAT,43,251,622,2958,41,16,3,192,2638,True,False,73082,2298727093,7925,68,0.0,0,0.999999,0.04179079148452729,1087894,417907914
vdb_glove-100-angular,IVF_FLAT,22,497,720,2662,86,1,6,616,7741,True,True,62024,3645194331,6435,94,0.0,0,0.9999740000000001,0.030969949346035718,4981076,309699493
vdb_glove-100-angular,SCANN,34,507,708,5575,40,4,8,192,5749,False,False,1751,4301985523,4230,88,0.0,0,0.949941,0.004852534597739577,2088,48525345
vdb_glove-100-angular,IVF_FLAT,19,407,820,3268,64,2,7,831,6954,False,False,76242,2226015856,8893,25,0.0,0,0.999655,0.02520256845746188,4550705,252025684
vdb_glove-100-angular,IVF_PQ,28,428,201,3578,11,4,6,861,9170,True,True,73274,3935432009,4299,90,0.0,0,0.161415,0.005049340124242004,856346,50493401
vdb_glove-100-angular,IVF_FLAT,36,371,489,9211,32,1,4,882,1375,False,True,28323,7767692238,7833,78,0.0,0,0.9985119999999998,0.020671142986975605,6413180,206711429
vdb_glove-100-angular,HNSW,21,122,111,4954,69,16,6,737,3159,True,True,99614,1513880143,9092,61,0.0,0,0.851508,0.0035095487255602997,2787185,35095487
vdb_glove-100-angular,SCANN,30,396,555,6702,78,64,8,950,4569,False,True,42964,1228361677,3840,42,0.0,0,0.997685,0.005262627522461116,10334,52626275
vdb_glove-100-angular,AUTOINDEX,64,357,639,1425,32,16,5,947,442,True,True,95705,9158510928,6416,61,0.0,0,0.843377,0.003765525599010288,1087894,37655255
vdb_glove-100-angular,IVF_FLAT,32,150,971,5873,65,64,7,602,6885,False,True,32412,36264440,7726,6,0.0,0,0.999814,0.026819823053665457,8305964,268198230
vdb_glove-100-angular,AUTOINDEX,20,274,567,7369,80,1,5,289,8408,True,True,66377,8421315483,3345,17,0.0,0,0.8456319999999999,0.0042958055855706325,1087894,42958055
vdb_glove-100-angular,HNSW,29,192,839,288,24,2,4,578,9061,True,True,22931,471835259,2548,83,0.0,0,0.990914,0.00833186656236648,6057395,83318665
vdb_glove-100-angular,AUTOINDEX,22,351,401,5808,15,8,1,141,9281,False,True,47020,4839419534,7993,30,0.0,0,0.8484799999999999,0.003976353025063866,1087894,39763530
vdb_glove-100-angular,AUTOINDEX,60,503,951,1627,75,128,8,124,5110,True,False,94284,1131030118,4079,24,0.0,0,0.8443739999999998,0.0036881313659250722,1087894,36881313
vdb_glove-100-angular,FLAT,11,215,239,3351,3,1,4,148,5864,True,False,80255,1926040202,678,28,0.0,0,0.999999,0.04196395697072148,1087894,419639569
vdb_glove-100-angular,HNSW,52,20,229,2588,89,64,3,494,4655,False,True,64992,3165069971,3990,84,0.0,0,0.8750760000000001,0.004566064570099114,1131410,45660645
vdb_glove-100-angular,IVF_SQ8,32,60,241,8605,28,8,10,350,9239,False,False,7264,5507588857,3665,90,0.0,0,0.983439,0.02361379414796829,5242345,236137941
vdb_glove-100-angular,AUTOINDEX,34,108,690,470,53,8,5,835,3245,True,False,36952,7190630048,3021,39,0.0,0,0.847368,0.004015869577415276,1087894,40158695
vdb_glove-100-angular,IVF_PQ,32,137,156,3029,36,1,3,112,5274,True,False,17540,1607398881,775,51,0.0,0,0.07883700000000002,0.006817900412715971,2372566,68179004
vdb_glove-100-angular,AUTOINDEX,14,294,900,9925,20,4,6,489,2733,False,False,81984,9998266819,4267,41,0.0,0,0.847491,0.003495855024084448,1087894,34958550
vdb_glove-100-angular,IVF_SQ8,28,417,754,2201,95,2,8,560,2711,True,False,1471,5007499731,485,30,0.0,0,0.9847390000000001,0.06630263095721603,4549465,663026309
vdb_glove-100-angular,AUTOINDEX,39,283,210,4576,91,64,2,175,9382,False,True,68514,7290116046,7051,70,0.0,0,0.8491559999999999,0.003991184406913815,1087894,39911844
vdb_glove-100-angular,FLAT,31,441,523,4833,75,8,2,161,3899,False,False,88874,2553402703,6696,82,0.0,0,0.999999,0.04178398866206407,1087894,417839886
vdb_glove-100-angular,SCANN,35,34,628,1946,22,128,5,202,999,False,True,24514,1401337972,1187,15,0.0,0,0.9556119999999999,0.005144667997956271,2197,51446679
vdb_glove-100-angular,IVF_FLAT,16,181,943,2413,82,2,7,566,9658,True,True,90117,9764240011,8678,94,0.0,0,0.9999510000000003,0.02953445939347148,4305145,295344593
vdb_glove-100-angular,IVF_SQ8,27,499,409,2847,11,128,1,129,3647,False,False,11495,8111013810,9306,48,0.0,0,0.951101,0.011352869332768018,681391,113528693
vdb_glove-100-angular,IVF_FLAT,26,78,600,1887,47,32,6,973,6535,False,False,99473,4129299664,7212,8,0.0,0,0.9975729999999999,0.020395313599146904,1929685,203953135
vdb_glove-100-angular,AUTOINDEX,30,183,279,3600,20,1,3,284,1976,True,True,87193,8882682993,1408,33,0.0,0,0.8410380000000001,0.004063567682169371,1087894,40635676
vdb_glove-100-angular,SCANN,36,51,127,9338,73,64,3,783,3047,True,True,4728,9799256436,4020,12,0.0,0,0.9963960000000001,0.005554315703921019,8518,55543157
vdb_glove-100-angular,IVF_SQ8,16,309,354,9073,74,8,6,482,1445,False,False,69486,3246690586,6206,46,0.0,0,0.9850130000000001,0.05601481897756457,14608288,560148189
vdb_glove-100-angular,HNSW,48,380,422,6961,84,64,4,583,3839,False,False,82262,7382484450,8041,42,0.0,0,0.990814,0.007253221957944333,19843191,72532219
vdb_glove-100-angular,HNSW,11,95,517,9581,69,4,9,131,2048,True,True,68882,4911209465,869,91,0.0,0,0.9060800000000001,0.004811886325478546,1136849,48118863
vdb_glove-100-angular,AUTOINDEX,27,92,689,2514,54,8,4,614,2246,True,True,45860,6033491452,7100,38,0.0,0,0.8501690000000001,0.00438087948132305,1087894,43808794
vdb_glove-100-angular,IVF_PQ,20,335,996,1936,48,2,5,728,6313,False,False,22571,1263181875,2768,17,0.0,0,0.093327,0.007628365932032463,2021916,76283659
vdb_glove-100-angular,SCANN,45,143,176,6843,9,4,4,714,8942,False,True,88345,4589015996,7533,65,0.0,0,0.995492,0.0052344949217513126,7767,52344949
vdb_glove-100-angular,SCANN,35,494,650,9318,71,8,10,406,8669,False,True,97490,177363946,700,44,0.0,0,0.9859040000000001,0.005298953037708997,4416,52989530
vdb_glove-100-angular,HNSW,59,374,830,2771,99,64,2,342,6865,True,True,86698,2419204812,4113,60,0.0,0,0.9982800000000001,0.010933350655250251,24005475,109333506
vdb_glove-100-angular,AUTOINDEX,34,453,226,6382,52,8,8,632,1964,False,False,61488,8164888063,9369,67,0.0,0,0.844299,0.003206708678044379,1087894,32067086
vdb_glove-100-angular,SCANN,43,304,809,6220,27,4,2,654,3565,False,True,49937,4436936622,9073,59,0.0,0,0.995143,0.005024359747767445,7114,50243597
vdb_glove-100-angular,HNSW,63,90,191,4606,59,4,6,258,5742,False,False,52274,5271424882,9332,6,0.0,0,0.9598130000000001,0.0052379597909748546,6168360,52379597
vdb_glove-100-angular,IVF_PQ,15,156,328,4190,42,1,1,463,7036,True,True,37724,6256463644,6628,56,0.0,0,0.079167,0.007508905255235731,3828952,75089052
vdb_glove-100-angular,SCANN,63,282,696,6478,95,64,4,977,4553,False,False,10687,9018553152,6845,35,0.0,0,0.997923,0.005092502385377882,10628,50925023
vdb_glove-100-angular,HNSW,20,189,464,6185,13,64,6,504,494,True,False,76540,2775640184,6184,88,0.0,0,0.960683,0.005605639005079865,4112240,56056390
vdb_glove-100-angular,SCANN,38,42,687,5741,50,64,3,777,7690,False,True,62572,7360389351,9135,51,0.0,0,0.996821,0.005186334415338932,8452,51863344
vdb_glove-100-angular,FLAT,47,213,392,1658,19,2,10,251,6509,False,False,87433,5649365017,7971,55,0.0,0,0.999999,0.04252262106165289,1087894,425226210
vdb_glove-100-angular,HNSW,43,102,249,2386,74,32,3,801,3915,False,False,91495,6650549752,9169,96,0.0,0,0.9370569999999999,0.004679715586826205,4771504,46797155
vdb_glove-100-angular,IVF_SQ8,61,447,424,8304,4,64,4,386,9786,False,True,56225,728688075,6039,67,0.0,0,0.9199379999999999,0.00758286986965686,722709,75828698
vdb_glove-100-angular,FLAT,14,310,758,6078,26,4,7,106,5317,True,True,4931,1571590789,2375,3,0.0,0,0.999999,0.050267339358106254,1087894,502673393
vdb_glove-100-angular,HNSW,55,405,748,1227,54,1,4,747,7220,False,False,78423,5131738844,4034,7,0.0,0,0.997923,0.010333657148294149,24232845,103336571
vdb_glove-100-angular,AUTOINDEX,55,184,864,8906,23,16,1,150,5807,True,True,56432,5658571085,9748,63,0.0,0,0.8451869999999999,0.0035572112770751066,1087894,35572112
vdb_glove-100-angular,SCANN,54,487,879,3134,24,4,7,486,4439,False,False,57519,5910307131,4384,41,0.0,0,0.990083,0.004985482455231249,5287,49854824
vdb_glove-100-angular,IVF_FLAT,14,228,982,1723,92,128,7,851,6307,False,False,11367,7070271318,498,62,0.0,0,0.9999880000000001,0.03264348281081766,3448973,326434828
vdb_glove-100-angular,IVF_SQ8,4,305,257,4135,93,32,3,160,7850,False,True,96479,8694874521,3274,79,0.0,0,0.984858,0.06614305162802339,8367103,661430516
vdb_glove-100-angular,IVF_FLAT,32,438,669,6033,69,1,5,368,6361,False,False,97105,9406702208,2881,58,0.0,0,0.9998850000000002,0.028092276374809443,9057307,280922763
vdb_glove-100-angular,IVF_PQ,31,54,155,185,57,1,6,552,7675,True,True,25554,9042009467,6971,20,0.0,0,0.029407000000000006,0.007666486501693725,229436,76664865
vdb_glove-100-angular,FLAT,28,217,816,7300,33,128,9,352,4207,False,True,9874,8931984822,2898,54,0.0,0,0.999999,0.04240756242070347,1087894,424075624
vdb_glove-100-angular,HNSW,8,52,544,8849,64,2,5,620,912,True,True,97721,9778293482,8309,68,0.0,0,0.841874,0.00518006219062954,452564,51800621
vdb_glove-100-angular,SCANN,49,176,781,8526,56,32,2,652,7005,True,False,39326,2721450086,2677,84,0.0,0,0.9951610000000001,0.005182559275999665,7093,51825592
vdb_glove-100-angular,FLAT,62,363,749,8058,27,2,1,845,8549,False,False,1287,4686810407,789,46,0.0,0,0.999999,0.0430604400113225,1087894,430604400
vdb_glove-100-angular,IVF_FLAT,64,103,467,8891,99,16,1,777,2968,False,True,11308,8447115826,9022,32,0.0,0,0.999999,0.03687592076603323,19151487,368759207
vdb_glove-100-angular,FLAT,34,43,278,1407,87,16,6,395,4582,True,True,26681,3687846303,2589,26,0.0,0,0.999999,0.04268807540647685,1087894,426880754
vdb_glove-100-angular,FLAT,49,177,688,4524,61,1,7,128,3146,False,True,39731,401473771,8581,4,0.0,0,0.999999,0.043290484719909726,1087894,432904847
vdb_glove-100-angular,SCANN,25,82,192,6211,46,128,4,527,7020,True,True,24344,5061528686,4843,45,0.0,0,0.991498,0.005105135310441254,5733,51051353
vdb_glove-100-angular,AUTOINDEX,51,186,968,2481,40,2,4,981,8074,True,True,83807,2766468372,7809,38,0.0,0,0.8486049999999999,0.004312328016385426,1087894,43123280
vdb_glove-100-angular,SCANN,8,223,219,1367,75,1,6,526,2990,True,False,15843,4631352880,3398,15,0.0,0,0.9922,0.005197412706911555,5722,51974127
vdb_glove-100-angular,IVF_SQ8,4,316,931,7064,68,64,4,495,7721,True,False,92507,5394601140,1118,65,0.0,0,0.985037,0.05152810283470899,10451444,515281028
vdb_glove-100-angular,HNSW,40,481,810,7148,79,128,7,390,5486,True,False,19643,9190548917,9494,34,0.0,0,0.997806,0.011819544434547424,20931086,118195444
vdb_glove-100-angular,SCANN,62,421,473,7455,77,16,2,571,5423,False,False,50234,5777089959,2076,97,0.0,0,0.993144,0.005284994631074367,6211,52849946
vdb_glove-100-angular,FLAT,61,492,254,4728,32,16,6,916,1195,False,False,86556,4728440317,1590,14,0.0,0,0.999999,0.04333906972315162,1087894,433390697
vdb_glove-100-angular,AUTOINDEX,60,118,453,636,13,64,6,674,379,True,True,12990,1827369321,2702,74,0.0,0,0.8446400000000002,0.004237047955393789,1087894,42370479
vdb_glove-100-angular,FLAT,38,67,458,2285,2,16,2,533,4766,False,False,81017,3313438638,2043,32,0.0,0,0.999999,0.04958249817136675,1087894,495824981
vdb_glove-100-angular,FLAT,29,24,246,5231,10,4,7,558,9772,False,False,65192,7349062549,5746,81,0.0,0,0.999999,0.043225910211913285,1087894,432259102
vdb_glove-100-angular,IVF_FLAT,9,362,251,7404,5,128,9,110,3863,False,False,19973,7157772778,4755,9,0.0,0,0.9382959999999999,0.005506927240639924,805476,55069272
vdb_glove-100-angular,AUTOINDEX,51,214,240,3963,61,16,10,543,4505,True,True,60879,395812874,2082,4,0.0,0,0.8464389999999999,0.004163413960486638,1087894,41634139
vdb_glove-100-angular,FLAT,8,419,311,3124,79,4,5,195,3111,True,True,16191,8806986651,4711,29,0.0,0,0.999999,0.04263112570624798,1087894,426311257
vdb_glove-100-angular,IVF_FLAT,49,45,109,9142,42,2,9,222,4216,True,False,63720,3530081702,9517,56,0.0,0,0.999434,0.022915367456153034,8354244,229153674
vdb_glove-100-angular,IVF_SQ8,24,286,681,6489,13,32,2,273,6253,False,True,71781,2061971467,2619,19,0.0,0,0.968405,0.012712621130049227,1835429,127126211
vdb_glove-100-angular,AUTOINDEX,53,344,291,3070,81,4,7,921,4079,False,True,40192,84178374,3868,59,0.0,0,0.845542,0.003963918099179859,1087894,39639180
vdb_glove-100-angular,FLAT,52,383,867,7784,93,128,9,243,9259,False,True,35193,2385169720,8251,43,0.0,0,0.999999,0.042989598028361796,1087894,429895980
vdb_glove-100-angular,FLAT,21,370,973,2630,39,2,5,931,2569,False,True,65338,8472327268,708,62,0.0,0,0.999999,0.04247278347611427,1087894,424727834
vdb_glove-100-angular,FLAT,17,377,342,4804,22,64,6,283,5029,False,True,39892,1960465097,155,7,0.0,0,0.999999,0.042529698344878845,1087894,425296983
vdb_glove-100-angular,IVF_FLAT,43,298,201,1673,3,128,4,604,3775,False,False,76102,5945185809,6778,3,0.0,0,0.8515659999999999,0.0038661305326968425,109202,38661305
vdb_glove-100-angular,SCANN,13,490,171,1954,17,2,8,628,8790,False,True,93369,3521551600,7705,46,0.0,0,0.994453,0.005038175918161866,6831,50381759
vdb_glove-100-angular,IVF_PQ,59,132,529,1600,45,4,9,915,8949,True,True,98211,7542654809,3964,53,0.0,0,0.19198,0.008997626835480325,1566567,89976268
vdb_glove-100-angular,IVF_SQ8,32,89,151,2877,56,32,9,865,4345,True,False,7548,9281844444,9265,34,0.0,0,0.984029,0.041972317872568964,3505456,419723178
vdb_glove-100-angular,IVF_SQ8,26,120,130,163,3,16,10,800,7241,True,True,86122,670998921,5243,62,0.0,0,0.707181,0.0070528266951441765,10639,70528266
vdb_glove-100-angular,IVF_FLAT,24,340,981,5321,50,2,6,899,1135,True,True,82345,5442656462,1920,83,0.0,0,0.9991469999999999,0.022183062089607117,5788685,221830620
vdb_glove-100-angular,AUTOINDEX,30,451,695,6367,50,2,7,622,1843,True,False,12747,5076633470,2320,41,0.0,0,0.846532,0.003513982007279992,1087894,35139820
vdb_glove-100-angular,AUTOINDEX,44,306,779,6106,77,2,1,842,679,False,True,65759,6236330590,5720,66,0.0,0,0.847859,0.0037487685680389383,1087894,37487685
vdb_glove-100-angular,SCANN,12,378,751,7430,14,8,3,321,904,True,True,42564,1028044609,4524,83,0.0,0,0.9787490000000002,0.005020418111234891,3492,50204181
vdb_glove-100-angular,HNSW,41,275,376,968,74,16,9,564,2548,False,False,84119,4615449588,6405,56,0.0,0,0.982577,0.006361422990448771,12266008,63614229
vdb_glove-100-angular,AUTOINDEX,59,510,763,2148,2,128,5,978,2235,False,True,35336,1123268631,5032,93,0.0,0,0.847023,0.004205957008525728,1087894,42059570
vdb_glove-100-angular,FLAT,47,227,408,6198,20,128,7,356,7908,False,True,68146,6612203382,7611,64,0.0,0,0.999999,0.043028863938525314,1087894,430288639
vdb_glove-100-angular,HNSW,42,365,744,5794,85,4,4,896,6819,True,False,90676,3728935444,3648,95,0.0,0,0.9965299999999999,0.009569690190255642,16677419,95696901
vdb_glove-100-angular,IVF_PQ,36,93,154,8971,70,4,5,619,464,True,False,59185,6697031134,6125,34,0.0,0,0.17017800000000002,0.010480437939986586,13663299,104804379
vdb_glove-100-angular,FLAT,39,52,649,4104,70,2,7,590,2191,True,True,49893,9010131458,3638,78,0.0,0,0.999999,0.04307506736367941,1087894,430750673
vdb_glove-100-angular,IVF_SQ8,7,398,921,4528,37,16,1,388,918,True,True,64733,4205782610,1987,92,0.0,0,0.9832560000000001,0.024162545357830814,3645229,241625453
vdb_glove-100-angular,HNSW,61,211,133,4074,85,2,6,468,6093,True,False,60461,1015534031,2528,86,0.0,0,0.93145,0.004276174260303377,14002287,42761742
vdb_glove-100-angular,HNSW,49,330,674,7968,63,16,3,611,6644,True,False,30634,9205355457,4257,74,0.0,0,0.9961380000000001,0.009355128859169781,17591250,93551288
vdb_glove-100-angular,IVF_SQ8,39,280,625,4393,78,4,6,101,8991,False,False,38169,6947587490,8176,9,0.0,0,0.9846940000000002,0.05674880850128829,7455426,567488085
vdb_glove-100-angular,AUTOINDEX,18,111,411,3803,48,1,10,184,191,False,False,17077,4763459240,3109,92,0.0,0,0.850857,0.004006075696088368,1087894,40060756
vdb_glove-100-angular,SCANN,29,448,443,788,16,2,2,718,5718,False,False,79454,2591971773,6938,72,0.0,0,0.9957459999999999,0.0054402679670602,7811,54402679
vdb_glove-100-angular,IVF_FLAT,33,263,303,4274,15,16,5,936,9040,True,False,80031,498113536,7947,90,0.0,0,0.9774989999999998,0.010030575934797526,1394898,100305759
vdb_glove-100-angular,IVF_PQ,33,124,502,3305,22,1,6,465,8424,False,False,60976,4369538197,1853,50,0.0,0,0.09431500000000001,0.0054102790309116236,1582015,54102790
vdb_glove-100-angular,IVF_FLAT,38,440,924,6884,59,16,4,525,5360,False,False,70152,2196720924,4685,62,0.0,0,0.9997119999999999,0.025008500693365927,8837095,250085006
vdb_glove-100-angular,FLAT,55,479,430,2431,10,16,10,826,6411,True,False,61694,2264666088,5872,16,0.0,0,0.999999,0.042271474632434546,1087894,422714746
vdb_glove-100-angular,IVF_SQ8,52,346,908,6163,21,16,8,299,8361,False,True,98320,5607470803,808,40,0.0,0,0.978485,0.01678085040766746,2815970,167808504
vdb_glove-100-angular,FLAT,6,432,406,5399,65,4,8,536,6551,False,False,43428,948198941,2963,80,0.0,0,0.999999,0.043422109540551895,1087894,434221095
vdb_glove-100-angular,IVF_SQ8,48,348,896,6932,47,32,7,341,8727,False,True,66674,7688005278,9391,17,0.0,0,0.9844950000000001,0.037117601162754,7088806,371176011
vdb_glove-100-angular,AUTOINDEX,55,374,915,8509,86,2,8,416,389,True,False,7410,809884952,5980,23,0.0,0,0.846521,0.0036296769278123925,1087894,36296769
vdb_glove-100-angular,FLAT,46,229,591,4753,80,32,9,479,1736,False,True,13390,619160021,1293,29,0.0,0,0.999999,0.04239812176674604,1087894,423981217
vdb_glove-100-angular,SCANN,8,308,128,6332,62,16,4,773,2614,True,False,56633,2003261146,8339,11,0.0,0,0.996467,0.005377136194147169,8409,53771361
vdb_glove-100-angular,IVF_SQ8,41,50,114,7802,90,1,4,379,8020,True,False,27486,7955840949,8300,48,0.0,0,0.9851060000000001,0.06596045491751283,15277952,659604549
vdb_glove-100-angular,FLAT,58,294,283,1111,49,2,2,507,3294,False,False,90565,6958324131,1693,37,0.0,0,0.999999,0.04219265994615853,1087894,421926599
vdb_glove-100-angular,FLAT,26,30,836,3175,100,32,7,301,4941,True,True,69219,4149588885,1607,85,0.0,0,0.999999,0.042042538034729654,1087894,420425380
vdb_glove-100-angular,HNSW,33,270,465,2390,57,8,7,369,6214,True,False,31934,690935,911,94,0.0,0,0.984706,0.006793033285066485,9693138,67930332
vdb_glove-100-angular,IVF_FLAT,43,164,926,8477,73,4,7,233,5724,False,True,70515,7798708684,3569,61,0.0,0,0.999993,0.031453323783352964,13464236,314533237
vdb_glove-100-angular,HNSW,27,452,375,3564,17,8,7,512,9419,True,True,40107,7020584179,9101,4,0.0,0,0.975245,0.005993005563504991,13276661,59930055
vdb_glove-100-angular,IVF_SQ8,31,237,796,2812,56,32,10,807,6991,False,False,71442,3499501319,3490,45,0.0,0,0.984109,0.04187071966007352,3426257,418707196
vdb_glove-100-angular,SCANN,56,206,759,9629,33,1,8,756,268,True,False,73001,8655152360,7287,66,0.0,0,0.9964040000000001,0.005483729764819134,8224,54837297
vdb_glove-100-angular,FLAT,46,114,678,7890,62,4,5,793,4265,False,False,17156,193434941,2113,6,0.0,0,0.999999,0.049886831990443165,1087894,498868319
vdb_glove-100-angular,IVF_FLAT,15,228,215,7901,73,128,1,588,4527,False,True,32283,907484580,972,44,0.0,0,0.9999549999999999,0.029731430555693803,12549361,297314305
vdb_glove-100-angular,SCANN,58,462,184,107,11,64,8,315,2276,False,True,84189,8267371549,2810,32,0.0,0,0.8537379999999999,0.003913555340841409,3426,39135553
vdb_glove-100-angular,IVF_SQ8,27,120,233,8258,34,64,2,177,8878,True,True,87272,6830402675,104,21,0.0,0,0.9840810000000001,0.026672746776603157,6109005,266727467
vdb_glove-100-angular,IVF_PQ,54,391,722,2744,2,1,10,216,2982,False,False,92759,8184719153,3493,99,0.0,0,0.11257400000000001,0.0030477769440039977,119407,30477769
vdb_glove-100-angular,FLAT,37,318,964,864,95,8,7,753,5992,True,False,15565,4874852899,2572,5,0.0,0,0.999999,0.043263976764865215,1087894,432639767
vdb_glove-100-angular,SCANN,51,275,947,5205,68,1,3,495,2683,True,False,87992,1942370714,9718,25,0.0,0,0.9904920000000002,0.005030171899124979,5385,50301718
vdb_glove-100-angular,AUTOINDEX,29,74,657,9842,84,128,8,726,8396,True,True,30934,5340320243,9634,12,0.0,0,0.846601,0.003874278208240866,1087894,38742782
vdb_glove-100-angular,SCANN,9,434,451,4154,17,64,3,209,7474,False,False,95081,4853221356,9116,61,0.0,0,0.955398,0.004914863593876361,2273,49148635
vdb_glove-100-angular,IVF_SQ8,26,270,621,7680,16,8,9,437,6730,True,False,98674,4112438277,7510,49,0.0,0,0.9760900000000001,0.01497449215967208,2673609,149744921
vdb_glove-100-angular,IVF_SQ8,22,342,138,9791,30,32,6,240,8809,False,False,44475,152715508,2827,9,0.0,0,0.9843299999999999,0.028072588169015943,6390943,280725881
vdb_glove-100-angular,IVF_FLAT,23,311,271,9418,46,4,6,232,8089,True,True,67691,7369394535,7550,40,0.0,0,0.9997210000000001,0.025777961499989028,9426125,257779614
vdb_glove-100-angular,HNSW,35,231,574,7509,68,128,2,863,6880,False,True,58821,7271046831,1100,88,0.0,0,0.989025,0.0072793113067746145,8795625,72793113
vdb_glove-100-angular,IVF_PQ,19,476,492,9252,92,1,6,659,1023,False,True,80276,4997557755,8256,34,0.0,0,0.11901100000000002,0.01046060868538916,18519964,104606086
vdb_glove-100-angular,IVF_FLAT,18,234,400,9773,67,64,8,100,8816,False,False,90240,5966583799,5962,69,0.0,0,0.999992,0.033503030939027664,14246867,335030309
vdb_glove-100-angular,AUTOINDEX,57,177,324,5823,19,4,7,928,9147,True,False,85502,1536963876,6526,70,0.0,0,0.84195,0.0036285804351791707,1087894,36285804
vdb_glove-100-angular,HNSW,53,76,339,960,72,8,3,597,7443,False,True,44074,7660202833,4431,47,0.0,0,0.976607,0.00664419918321073,4382038,66441991
vdb_glove-100-angular,IVF_PQ,30,243,500,9487,38,2,3,508,756,True,True,54595,8566367055,3180,46,0.0,0,0.122575,0.008256743964739141,7843848,82567439
vdb_glove-100-angular,IVF_PQ,56,247,726,3867,88,2,10,501,2521,False,False,37445,2984284068,9784,92,0.0,0,0.162365,0.010086435033008455,7404121,100864350
vdb_glove-100-angular,HNSW,32,256,500,128,8,16,8,500,512,True,True,5000,16777216,1024,23,0.0,0,0.9853139999999999,0.00681129682343453,8912030,68112968
vdb_random-match-int-100-angular-no-filters,HNSW,32,256,500,128,8,16,8,500,512,True,True,5000,16777216,1024,23,0.0,0,0.9754299999999999,0.007078833528794346,8192000,70788335
vdb_random-match-int-100-angular-no-filters,AUTOINDEX,15,115,115,4599,11,128,5,914,577,False,True,6014,2939716186,5057,73,0.0,0,0.30681,0.0022621979238465427,1000000,22621979
vdb_random-match-int-100-angular-no-filters,HNSW,7,185,969,2291,23,32,3,910,5072,True,False,60770,653962823,1551,65,0.0,0,0.6561,0.0061111260438337905,1295000,61111260
vdb_random-match-int-100-angular-no-filters,IVF_FLAT,40,343,834,1212,85,8,3,186,7614,False,True,20600,364941409,9698,4,0.0,0,0.9980199999999999,0.02414499188307672,2060400,241449918
vdb_random-match-int-100-angular-no-filters,IVF_SQ8,44,254,274,9003,60,64,8,743,5402,True,False,17374,8506611447,7741,69,0.0,0,0.9703000000000002,0.034117207513190806,10803600,341172075
vdb_random-match-int-100-angular-no-filters,IVF_FLAT,20,508,149,7587,67,64,9,730,2213,True,True,23165,5866726457,4548,59,0.0,0,0.99972,0.02591496985405683,10166580,259149698
vdb_random-match-int-100-angular-no-filters,FLAT,52,133,581,426,82,64,7,163,2495,False,False,64105,4282737806,9687,14,0.0,0,1.0,0.02682640010025352,1000000,268264001
vdb_random-match-int-100-angular-no-filters,IVF_FLAT,64,91,268,2602,4,2,4,429,4249,False,False,65647,1763718294,9673,85,0.0,0,0.4993,0.0036345272092148657,208160,36345272
vdb_random-match-int-100-angular-no-filters,HNSW,62,31,317,2079,82,2,9,364,2777,False,False,96373,4743825640,3016,9,0.0,0,0.8989299999999999,0.006391405360773205,1922000,63914053
vdb_random-match-int-100-angular-no-filters,AUTOINDEX,45,175,846,2818,88,1,2,386,403,True,True,97317,8756366287,7872,19,0.0,0,0.30782,0.002293401840142905,1000000,22934018
vdb_random-match-int-100-angular-no-filters,SCANN,8,242,510,170,14,4,2,998,984,True,False,62877,6166757600,5301,61,0.0,0,0.61461,0.003050405601970851,9980,30504056
vdb_random-match-int-100-angular-no-filters,HNSW,50,123,440,6056,92,128,7,348,4011,True,False,91601,7400799715,6285,86,0.0,0,0.97855,0.007872547558508811,6150000,78725475
vdb_random-match-int-100-angular-no-filters,HNSW,36,423,794,6714,64,1,3,472,6366,False,False,10871,2996719944,361,49,0.0,0,0.99464,0.00979998621623963,15228000,97999862
vdb_random-match-int-100-angular-no-filters,IVF_PQ,4,22,494,9455,33,4,6,366,6758,True,False,37686,1622130137,2487,68,0.0,0,0.0896,0.007776505756191904,6240300,77765057
vdb_random-match-int-100-angular-no-filters,SCANN,58,366,949,2261,31,1,2,635,5222,True,False,50762,3368893363,5314,55,0.0,0,0.98015,0.004468265688046812,6350,44682656
vdb_random-match-int-100-angular-no-filters,HNSW,46,101,761,5043,60,16,8,811,1083,True,False,25891,9827690474,4753,92,0.0,0,0.98805,0.009933922998607158,4646000,99339229
vdb_random-match-int-100-angular-no-filters,IVF_PQ,18,244,292,8868,39,1,4,636,4401,True,False,7661,4509402555,8945,23,0.0,0,0.07325,0.0067232992732897375,6917040,67232992
vdb_random-match-int-100-angular-no-filters,IVF_SQ8,10,409,166,7186,71,8,6,409,7486,False,True,7828,8987235751,6658,90,0.0,0,0.9706299999999999,0.032989735994488,10204120,329897359
vdb_random-match-int-100-angular-no-filters,IVF_SQ8,58,69,203,3484,16,1,6,958,6025,False,False,4649,5619797158,7945,79,0.0,0,0.81065,0.012025710032321512,1114880,120257100
vdb_random-match-int-100-angular-no-filters,HNSW,46,167,323,1089,55,64,5,847,3827,False,True,5372,973319000,5217,10,0.0,0,0.9700300000000001,0.006602582614868879,7682000,66025826
vdb_random-match-int-100-angular-no-filters,HNSW,41,383,685,5410,77,16,7,686,5825,False,True,44883,2428928965,9798,7,0.0,0,0.9955799999999999,0.009604680398479105,15703000,96046803
vdb_random-match-int-100-angular-no-filters,AUTOINDEX,34,463,258,9727,33,8,9,360,7422,False,True,39973,351741976,6744,18,0.0,0,0.30675,0.002420454425737259,1000000,24204544
vdb_random-match-int-100-angular-no-filters,IVF_FLAT,44,224,822,4553,24,1,6,245,1262,True,True,21122,3844768012,7553,10,0.0,0,0.9126299999999999,0.011812104447744784,2185440,118121044
vdb_random-match-int-100-angular-no-filters,SCANN,33,417,385,659,22,32,7,606,2928,True,False,71210,6188298631,8555,2,0.0,0,0.9781900000000001,0.004331595567055047,6060,43315955
vdb_random-match-int-100-angular-no-filters,FLAT,61,364,462,2563,27,64,4,669,4902,False,True,95493,7701287312,1548,31,0.0,0,1.0,0.02743128177244216,1000000,274312817
vdb_random-match-int-100-angular-no-filters,AUTOINDEX,40,361,177,8367,65,8,5,886,3988,True,False,29189,3702488582,633,61,0.0,0,0.30798000000000003,0.0023504060925915835,1000000,23504060
vdb_random-match-int-100-angular-no-filters,HNSW,14,489,427,362,85,8,1,302,4751,True,True,69996,1141127077,7859,7,0.0,0,0.8389700000000001,0.004988124407827854,6846000,49881244
vdb_random-match-int-100-angular-no-filters,FLAT,48,98,766,6504,18,64,5,637,2334,False,True,12891,6160686256,8318,81,0.0,0,1.0,0.027098728925921023,1000000,270987289
vdb_random-match-int-100-angular-no-filters,IVF_SQ8,16,289,692,4549,5,2,2,698,4133,False,True,10411,6967362959,921,52,0.0,0,0.60068,0.006768237147480249,454900,67682371
vdb_random-match-int-100-angular-no-filters,IVF_FLAT,30,387,538,2875,9,128,2,584,9906,False,True,50343,5808547742,288,84,0.0,0,0.67335,0.006301578925922513,517500,63015789
vdb_random-match-int-100-angular-no-filters,AUTOINDEX,25,495,175,5729,80,8,2,980,7515,False,True,94818,986052692,941,86,0.0,0,0.30634,0.00238878484815359,1000000,23887848
vdb_random-match-int-100-angular-no-filters,FLAT,14,126,361,3634,63,16,7,716,3932,True,False,42293,8795438628,4939,3,0.0,0,1.0,0.027328071300871663,1000000,273280713
vdb_random-match-int-100-angular-no-filters,SCANN,57,265,833,6283,25,8,4,893,9540,True,False,48428,1755551207,9024,43,0.0,0,0.9881700000000001,0.004772503254935145,8930,47725032
vdb_random-match-int-100-angular-no-filters,IVF_FLAT,8,472,885,6966,45,4,9,908,2576,False,False,66247,268873504,427,10,0.0,0,0.99285,0.019283719244413078,6269400,192837192
vdb_random-match-int-100-angular-no-filters,FLAT,15,252,118,768,77,128,8,382,6009,False,True,35629,3452892810,956,45,0.0,0,1.0,0.02751989415846765,1000000,275198941
vdb_random-match-int-100-angular-no-filters,AUTOINDEX,57,300,955,8644,26,1,4,571,8916,False,True,39537,5187190192,299,72,0.0,0,0.30583999999999995,0.0022707144962623702,1000000,22707144
vdb_random-match-int-100-angular-no-filters,IVF_FLAT,26,176,900,1142,60,64,5,561,5498,False,True,18461,3977725538,6834,45,0.0,0,0.9770599999999998,0.017830855515785515,1370400,178308555
vdb_random-match-int-100-angular-no-filters,AUTOINDEX,59,173,361,876,56,1,3,244,3214,False,True,34843,9168878836,6721,61,0.0,0,0.30771,0.002272989973425865,1000000,22729899
vdb_random-match-int-100-angular-no-filters,AUTOINDEX,22,367,424,2906,80,8,4,695,2323,False,True,30235,7916084481,6822,92,0.0,0,0.30522999999999995,0.0022596910828724475,1000000,22596910
vdb_random-match-int-100-angular-no-filters,IVF_FLAT,53,465,504,5830,4,2,5,781,9876,False,False,70321,3572029913,7750,91,0.0,0,0.5932,0.004539838875643906,466400,45398388
vdb_random-match-int-100-angular-no-filters,IVF_SQ8,31,422,134,9222,73,16,6,985,623,True,True,12176,6782401047,581,18,0.0,0,0.97062,0.03800694097299129,13464120,380069409
vdb_random-match-int-100-angular-no-filters,IVF_PQ,12,212,707,7726,64,4,4,567,7733,True,True,57713,2045709640,3312,20,0.0,0,0.08313999999999999,0.008995248051360248,9889280,89952480
vdb_random-match-int-100-angular-no-filters,SCANN,20,182,691,7547,62,32,7,956,2852,False,True,62382,3633469482,1496,31,0.0,0,0.98972,0.004639622429385781,9560,46396224
vdb_random-match-int-100-angular-no-filters,FLAT,43,251,622,2958,41,16,3,192,2638,True,False,73082,2298727093,7925,68,0.0,0,1.0,0.027503496478311715,1000000,275034964
vdb_random-match-int-100-angular-no-filters,IVF_FLAT,22,497,720,2662,86,1,6,616,7741,True,True,62024,3645194331,6435,94,0.0,0,0.99975,0.024637941969558593,4578640,246379419
vdb_random-match-int-100-angular-no-filters,SCANN,34,507,708,5575,40,4,8,192,5749,False,False,1751,4301985523,4230,88,0.0,0,0.91353,0.003962315595708786,1920,39623155
vdb_random-match-int-100-angular-no-filters,IVF_FLAT,19,407,820,3268,64,2,7,831,6954,False,False,76242,2226015856,8893,25,0.0,0,0.9945700000000001,0.02123324403073638,4183040,212332440
vdb_random-match-int-100-angular-no-filters,IVF_PQ,28,428,201,3578,11,4,6,861,9170,True,True,73274,3935432009,4299,90,0.0,0,0.09187,0.004805152909830212,787160,48051529
vdb_random-match-int-100-angular-no-filters,IVF_FLAT,36,371,489,9211,32,1,4,882,1375,False,True,28323,7767692238,7833,78,0.0,0,0.9912599999999998,0.018937233602628112,5895040,189372336
vdb_random-match-int-100-angular-no-filters,HNSW,21,122,111,4954,69,16,6,737,3159,True,True,99614,1513880143,9092,61,0.0,0,0.66081,0.0030687418999150395,2562000,30687418
vdb_random-match-int-100-angular-no-filters,SCANN,30,396,555,6702,78,64,8,950,4569,False,True,42964,1228361677,3840,42,0.0,0,0.98879,0.004729318618774411,9500,47293186
vdb_random-match-int-100-angular-no-filters,AUTOINDEX,64,357,639,1425,32,16,5,947,442,True,True,95705,9158510928,6416,61,0.0,0,0.30673,0.002266124775633215,1000000,22661247
vdb_random-match-int-100-angular-no-filters,IVF_FLAT,32,150,971,5873,65,64,7,602,6885,False,True,32412,36264440,7726,6,0.0,0,0.9989099999999999,0.023906347318552432,7634900,239063473
vdb_random-match-int-100-angular-no-filters,AUTOINDEX,20,274,567,7369,80,1,5,289,8408,True,True,66377,8421315483,3345,17,0.0,0,0.30661,0.002514627226628357,1000000,25146272
vdb_random-match-int-100-angular-no-filters,HNSW,29,192,839,288,24,2,4,578,9061,True,True,22931,471835259,2548,83,0.0,0,0.9809200000000001,0.00884588058106601,5568000,88458805
vdb_random-match-int-100-angular-no-filters,AUTOINDEX,22,351,401,5808,15,8,1,141,9281,False,True,47020,4839419534,7993,30,0.0,0,0.30745,0.0022738746600225565,1000000,22738746
vdb_random-match-int-100-angular-no-filters,AUTOINDEX,60,503,951,1627,75,128,8,124,5110,True,False,94284,1131030118,4079,24,0.0,0,0.30598000000000003,0.002372382674366234,1000000,23723826
vdb_random-match-int-100-angular-no-filters,FLAT,11,215,239,3351,3,1,4,148,5864,True,False,80255,1926040202,678,28,0.0,0,1.0,0.028602309268899263,1000000,286023092
vdb_random-match-int-100-angular-no-filters,HNSW,52,20,229,2588,89,64,3,494,4655,False,True,64992,3165069971,3990,84,0.0,0,0.72925,0.004845889844000338,1040000,48458898
vdb_random-match-int-100-angular-no-filters,IVF_SQ8,32,60,241,8605,28,8,10,350,9239,False,False,7264,5507588857,3665,90,0.0,0,0.9550200000000001,0.01854774134699255,4818800,185477413
vdb_random-match-int-100-angular-no-filters,AUTOINDEX,34,108,690,470,53,8,5,835,3245,True,False,36952,7190630048,3021,39,0.0,0,0.30521000000000004,0.0023126025451347195,1000000,23126025
vdb_random-match-int-100-angular-no-filters,IVF_PQ,32,137,156,3029,36,1,3,112,5274,True,False,17540,1607398881,775,51,0.0,0,0.04204,0.006050989707000553,2180880,60509897
vdb_random-match-int-100-angular-no-filters,AUTOINDEX,14,294,900,9925,20,4,6,489,2733,False,False,81984,9998266819,4267,41,0.0,0,0.30494,0.0023714964976534196,1000000,23714964
vdb_random-match-int-100-angular-no-filters,IVF_SQ8,28,417,754,2201,95,2,8,560,2711,True,False,1471,5007499731,485,30,0.0,0,0.9708600000000001,0.03490871719550341,4181900,349087171
vdb_random-match-int-100-angular-no-filters,AUTOINDEX,39,283,210,4576,91,64,2,175,9382,False,True,68514,7290116046,7051,70,0.0,0,0.30949,0.002479720418341454,1000000,24797204
vdb_random-match-int-100-angular-no-filters,FLAT,31,441,523,4833,75,8,2,161,3899,False,False,88874,2553402703,6696,82,0.0,0,1.0,0.027384293591603635,1000000,273842935
vdb_random-match-int-100-angular-no-filters,SCANN,35,34,628,1946,22,128,5,202,999,False,True,24514,1401337972,1187,15,0.0,0,0.92027,0.0037792984861880533,2020,37792984
vdb_random-match-int-100-angular-no-filters,IVF_FLAT,16,181,943,2413,82,2,7,566,9658,True,True,90117,9764240011,8678,94,0.0,0,0.9991700000000001,0.024252294958569107,3957320,242522949
vdb_random-match-int-100-angular-no-filters,IVF_SQ8,27,499,409,2847,11,128,1,129,3647,False,False,11495,8111013810,9306,48,0.0,0,0.71475,0.008984316838905215,626340,89843168
vdb_random-match-int-100-angular-no-filters,IVF_FLAT,26,78,600,1887,47,32,6,973,6535,False,False,99473,4129299664,7212,8,0.0,0,0.96035,0.016161476681008934,1773780,161614766
vdb_random-match-int-100-angular-no-filters,AUTOINDEX,30,183,279,3600,20,1,3,284,1976,True,True,87193,8882682993,1408,33,0.0,0,0.3075,0.0022675160551443693,1000000,22675160
vdb_random-match-int-100-angular-no-filters,SCANN,36,51,127,9338,73,64,3,783,3047,True,True,4728,9799256436,4020,12,0.0,0,0.9851900000000001,0.004530836641788482,7830,45308366
vdb_random-match-int-100-angular-no-filters,IVF_SQ8,16,309,354,9073,74,8,6,482,1445,False,False,69486,3246690586,6206,46,0.0,0,0.9705900000000002,0.03593469629995525,13428040,359346962
vdb_random-match-int-100-angular-no-filters,HNSW,48,380,422,6961,84,64,4,583,3839,False,False,82262,7382484450,8041,42,0.0,0,0.9921400000000001,0.007765331561677157,18240000,77653315
vdb_random-match-int-100-angular-no-filters,HNSW,11,95,517,9581,69,4,9,131,2048,True,True,68882,4911209465,869,91,0.0,0,0.70115,0.0046354514081031065,1045000,46354514
vdb_random-match-int-100-angular-no-filters,AUTOINDEX,27,92,689,2514,54,8,4,614,2246,True,True,45860,6033491452,7100,38,0.0,0,0.30653,0.002257538074627514,1000000,22575380
vdb_random-match-int-100-angular-no-filters,IVF_PQ,20,335,996,1936,48,2,5,728,6313,False,False,22571,1263181875,2768,17,0.0,0,0.06854,0.006946729891933497,1858560,69467298
vdb_random-match-int-100-angular-no-filters,SCANN,45,143,176,6843,9,4,4,714,8942,False,True,88345,4589015996,7533,65,0.0,0,0.9830400000000001,0.0044674373464658815,7140,44674373
vdb_random-match-int-100-angular-no-filters,SCANN,35,494,650,9318,71,8,10,406,8669,False,True,97490,177363946,700,44,0.0,0,0.96347,0.004198809480294584,4060,41988094
vdb_random-match-int-100-angular-no-filters,HNSW,59,374,830,2771,99,64,2,342,6865,True,True,86698,2419204812,4113,60,0.0,0,0.99941,0.012993665924295782,22066000,129936659
vdb_random-match-int-100-angular-no-filters,AUTOINDEX,34,453,226,6382,52,8,8,632,1964,False,False,61488,8164888063,9369,67,0.0,0,0.30518,0.0022845253115519877,1000000,22845253
vdb_random-match-int-100-angular-no-filters,SCANN,43,304,809,6220,27,4,2,654,3565,False,True,49937,4436936622,9073,59,0.0,0,0.9808100000000001,0.004454016336239874,6540,44540163
vdb_random-match-int-100-angular-no-filters,HNSW,63,90,191,4606,59,4,6,258,5742,False,False,52274,5271424882,9332,6,0.0,0,0.9467200000000001,0.005755694466643034,5670000,57556944
vdb_random-match-int-100-angular-no-filters,IVF_PQ,15,156,328,4190,42,1,1,463,7036,True,True,37724,6256463644,6628,56,0.0,0,0.0522,0.0065665585687384,3519600,65665585
vdb_random-match-int-100-angular-no-filters,SCANN,63,282,696,6478,95,64,4,977,4553,False,False,10687,9018553152,6845,35,0.0,0,0.9902600000000003,0.004733047448098659,9770,47330474
vdb_random-match-int-100-angular-no-filters,HNSW,20,189,464,6185,13,64,6,504,494,True,False,76540,2775640184,6184,88,0.0,0,0.8986900000000001,0.005706803919747471,3780000,57068039
vdb_random-match-int-100-angular-no-filters,SCANN,38,42,687,5741,50,64,3,777,7690,False,True,62572,7360389351,9135,51,0.0,0,0.9858399999999999,0.004449227172881364,7770,44492271
vdb_random-match-int-100-angular-no-filters,FLAT,47,213,392,1658,19,2,10,251,6509,False,False,87433,5649365017,7971,55,0.0,0,1.0,0.026931916270405053,1000000,269319162
vdb_random-match-int-100-angular-no-filters,HNSW,43,102,249,2386,74,32,3,801,3915,False,False,91495,6650549752,9169,96,0.0,0,0.91755,0.005184994102455675,4386000,51849941
vdb_random-match-int-100-angular-no-filters,IVF_SQ8,61,447,424,8304,4,64,4,386,9786,False,True,56225,728688075,6039,67,0.0,0,0.6540199999999999,0.006990635325200855,664320,69906353
vdb_random-match-int-100-angular-no-filters,FLAT,14,310,758,6078,26,4,7,106,5317,True,True,4931,1571590789,2375,3,0.0,0,1.0,0.026980089768767358,1000000,269800897
vdb_random-match-int-100-angular-no-filters,HNSW,55,405,748,1227,54,1,4,747,7220,False,False,78423,5131738844,4034,7,0.0,0,0.9990100000000002,0.01163807881530374,22275000,116380788
vdb_random-match-int-100-angular-no-filters,AUTOINDEX,55,184,864,8906,23,16,1,150,5807,True,True,56432,5658571085,9748,63,0.0,0,0.30522,0.002257585339248179,1000000,22575853
vdb_random-match-int-100-angular-no-filters,SCANN,54,487,879,3134,24,4,7,486,4439,False,False,57519,5910307131,4384,41,0.0,0,0.9722800000000001,0.004297851677983998,4860,42978516
vdb_random-match-int-100-angular-no-filters,IVF_FLAT,14,228,982,1723,92,128,7,851,6307,False,False,11367,7070271318,498,62,0.0,0,0.9997799999999999,0.024396440526470543,3170320,243964405
vdb_random-match-int-100-angular-no-filters,IVF_SQ8,4,305,257,4135,93,32,3,160,7850,False,True,96479,8694874521,3274,79,0.0,0,0.9706600000000001,0.03602874199859798,7691100,360287419
vdb_random-match-int-100-angular-no-filters,IVF_FLAT,32,438,669,6033,69,1,5,368,6361,False,False,97105,9406702208,2881,58,0.0,0,0.9996099999999999,0.02528016704600304,8325540,252801670
vdb_random-match-int-100-angular-no-filters,IVF_PQ,31,54,155,185,57,1,6,552,7675,True,True,25554,9042009467,6971,20,0.0,0,0.021240000000000002,0.006294775265268979,210900,62947752
vdb_random-match-int-100-angular-no-filters,FLAT,28,217,816,7300,33,128,9,352,4207,False,True,9874,8931984822,2898,54,0.0,0,1.0,0.027863505319692186,1000000,278635053
vdb_random-match-int-100-angular-no-filters,HNSW,8,52,544,8849,64,2,5,620,912,True,True,97721,9778293482,8309,68,0.0,0,0.5474600000000001,0.004429414495825767,416000,44294144
vdb_random-match-int-100-angular-no-filters,SCANN,49,176,781,8526,56,32,2,652,7005,True,False,39326,2721450086,2677,84,0.0,0,0.9815200000000001,0.004345735302194952,6520,43457353
vdb_random-match-int-100-angular-no-filters,FLAT,62,363,749,8058,27,2,1,845,8549,False,False,1287,4686810407,789,46,0.0,0,1.0,0.027299806522205473,1000000,272998065
vdb_random-match-int-100-angular-no-filters,IVF_FLAT,64,103,467,8891,99,16,1,777,2968,False,True,11308,8447115826,9022,32,0.0,0,1.0,0.028441082523204386,17604180,284410825
vdb_random-match-int-100-angular-no-filters,FLAT,34,43,278,1407,87,16,6,395,4582,True,True,26681,3687846303,2589,26,0.0,0,1.0,0.02709595803171396,1000000,270959580
vdb_random-match-int-100-angular-no-filters,FLAT,49,177,688,4524,61,1,7,128,3146,False,True,39731,401473771,8581,4,0.0,0,1.0,0.02738108243793249,1000000,273810824
vdb_random-match-int-100-angular-no-filters,SCANN,25,82,192,6211,46,128,4,527,7020,True,True,24344,5061528686,4843,45,0.0,0,0.97421,0.004270239127799867,5270,42702391
vdb_random-match-int-100-angular-no-filters,AUTOINDEX,51,186,968,2481,40,2,4,981,8074,True,True,83807,2766468372,7809,38,0.0,0,0.30477,0.0023638835409656163,1000000,23638835
vdb_random-match-int-100-angular-no-filters,SCANN,8,223,219,1367,75,1,6,526,2990,True,False,15843,4631352880,3398,15,0.0,0,0.9742600000000002,0.00432699944358319,5260,43269994
vdb_random-match-int-100-angular-no-filters,IVF_SQ8,4,316,931,7064,68,64,4,495,7721,True,False,92507,5394601140,1118,65,0.0,0,0.9707,0.032867784867994486,9607040,328677848
vdb_random-match-int-100-angular-no-filters,HNSW,40,481,810,7148,79,128,7,390,5486,True,False,19643,9190548917,9494,34,0.0,0,0.9969399999999999,0.01082885325886309,19240000,108288532
vdb_random-match-int-100-angular-no-filters,SCANN,62,421,473,7455,77,16,2,571,5423,False,False,50234,5777089959,2076,97,0.0,0,0.9769200000000001,0.004342190851457416,5710,43421908
vdb_random-match-int-100-angular-no-filters,FLAT,61,492,254,4728,32,16,6,916,1195,False,False,86556,4728440317,1590,14,0.0,0,1.0,0.02680461932905018,1000000,268046193
vdb_random-match-int-100-angular-no-filters,AUTOINDEX,60,118,453,636,13,64,6,674,379,True,True,12990,1827369321,2702,74,0.0,0,0.30663,0.0024125770200043913,1000000,24125770
vdb_random-match-int-100-angular-no-filters,FLAT,38,67,458,2285,2,16,2,533,4766,False,False,81017,3313438638,2043,32,0.0,0,1.0,0.027314485958777366,1000000,273144859
vdb_random-match-int-100-angular-no-filters,FLAT,29,24,246,5231,10,4,7,558,9772,False,False,65192,7349062549,5746,81,0.0,0,1.0,0.02773560443893075,1000000,277356044
vdb_random-match-int-100-angular-no-filters,IVF_FLAT,9,362,251,7404,5,128,9,110,3863,False,False,19973,7157772778,4755,9,0.0,0,0.68093,0.005611878703348338,740400,56118787
vdb_random-match-int-100-angular-no-filters,AUTOINDEX,51,214,240,3963,61,16,10,543,4505,True,True,60879,395812874,2082,4,0.0,0,0.30902,0.002408194658346472,1000000,24081946
vdb_random-match-int-100-angular-no-filters,FLAT,8,419,311,3124,79,4,5,195,3111,True,True,16191,8806986651,4711,29,0.0,0,1.0,0.02880298071540892,1000000,288029807
vdb_random-match-int-100-angular-no-filters,IVF_FLAT,49,45,109,9142,42,2,9,222,4216,True,False,63720,3530081702,9517,56,0.0,0,0.99818,0.022316142357885836,7679280,223161423
vdb_random-match-int-100-angular-no-filters,IVF_SQ8,24,286,681,6489,13,32,2,273,6253,False,True,71781,2061971467,2619,19,0.0,0,0.8420700000000001,0.011982036265544593,1687140,119820362
vdb_random-match-int-100-angular-no-filters,AUTOINDEX,53,344,291,3070,81,4,7,921,4079,False,True,40192,84178374,3868,59,0.0,0,0.30375,0.002332269214093683,1000000,23322692
vdb_random-match-int-100-angular-no-filters,FLAT,52,383,867,7784,93,128,9,243,9259,False,True,35193,2385169720,8251,43,0.0,0,1.0,0.027241738745942712,1000000,272417387
vdb_random-match-int-100-angular-no-filters,FLAT,21,370,973,2630,39,2,5,931,2569,False,True,65338,8472327268,708,62,0.0,0,1.0,0.02701249059755354,1000000,270124905
vdb_random-match-int-100-angular-no-filters,FLAT,17,377,342,4804,22,64,6,283,5029,False,True,39892,1960465097,155,7,0.0,0,1.0,0.027165493555366987,1000000,271654935
vdb_random-match-int-100-angular-no-filters,IVF_FLAT,43,298,201,1673,3,128,4,604,3775,False,False,76102,5945185809,6778,3,0.0,0,0.40689,0.00311954692006111,100380,31195469
vdb_random-match-int-100-angular-no-filters,SCANN,13,490,171,1954,17,2,8,628,8790,False,True,93369,3521551600,7705,46,0.0,0,0.9795,0.004148262343369424,6280,41482623
vdb_random-match-int-100-angular-no-filters,IVF_PQ,59,132,529,1600,45,4,9,915,8949,True,True,98211,7542654809,3964,53,0.0,0,0.09437,0.007369022141210733,1440000,73690221
vdb_random-match-int-100-angular-no-filters,IVF_SQ8,32,89,151,2877,56,32,9,865,4345,True,False,7548,9281844444,9265,34,0.0,0,0.95993,0.023063263366930185,3222240,230632633
vdb_random-match-int-100-angular-no-filters,IVF_SQ8,26,120,130,163,3,16,10,800,7241,True,True,86122,670998921,5243,62,0.0,0,0.25595,0.0052260510157793715,9780,52260510
vdb_random-match-int-100-angular-no-filters,IVF_FLAT,24,340,981,5321,50,2,6,899,1135,True,True,82345,5442656462,1920,83,0.0,0,0.99165,0.01959368900861591,5321000,195936890
vdb_random-match-int-100-angular-no-filters,AUTOINDEX,30,451,695,6367,50,2,7,622,1843,True,False,12747,5076633470,2320,41,0.0,0,0.30691,0.002299624751321971,1000000,22996247
vdb_random-match-int-100-angular-no-filters,AUTOINDEX,44,306,779,6106,77,2,1,842,679,False,True,65759,6236330590,5720,66,0.0,0,0.30464,0.00217976295389235,1000000,21797629
vdb_random-match-int-100-angular-no-filters,SCANN,12,378,751,7430,14,8,3,321,904,True,True,42564,1028044609,4524,83,0.0,0,0.9499200000000001,0.004186777072027325,3210,41867770
vdb_random-match-int-100-angular-no-filters,HNSW,41,275,376,968,74,16,9,564,2548,False,False,84119,4615449588,6405,56,0.0,0,0.9800200000000001,0.006979514518752694,11275000,69795145
vdb_random-match-int-100-angular-no-filters,AUTOINDEX,59,510,763,2148,2,128,5,978,2235,False,True,35336,1123268631,5032,93,0.0,0,0.30679000000000006,0.002425408852286636,1000000,24254088
vdb_random-match-int-100-angular-no-filters,FLAT,47,227,408,6198,20,128,7,356,7908,False,True,68146,6612203382,7611,64,0.0,0,1.0,0.02723304482642561,1000000,272330448
vdb_random-match-int-100-angular-no-filters,HNSW,42,365,744,5794,85,4,4,896,6819,True,False,90676,3728935444,3648,95,0.0,0,0.99655,0.010012680012732745,15330000,100126800
vdb_random-match-int-100-angular-no-filters,IVF_PQ,36,93,154,8971,70,4,5,619,464,True,False,59185,6697031134,6125,34,0.0,0,0.09416,0.009944322681985794,12559400,99443226
vdb_random-match-int-100-angular-no-filters,FLAT,39,52,649,4104,70,2,7,590,2191,True,True,49893,9010131458,3638,78,0.0,0,1.0,0.02741966200992465,1000000,274196620
vdb_random-match-int-100-angular-no-filters,IVF_SQ8,7,398,921,4528,37,16,1,388,918,True,True,64733,4205782610,1987,92,0.0,0,0.9440900000000001,0.01792845150921494,3350720,179284515
vdb_random-match-int-100-angular-no-filters,HNSW,61,211,133,4074,85,2,6,468,6093,True,False,60461,1015534031,2528,86,0.0,0,0.9329699999999999,0.004626825428567826,12871000,46268254
vdb_random-match-int-100-angular-no-filters,HNSW,49,330,674,7968,63,16,3,611,6644,True,False,30634,9205355457,4257,74,0.0,0,0.9970399999999999,0.010231919260695574,16170000,102319192
vdb_random-match-int-100-angular-no-filters,IVF_SQ8,39,280,625,4393,78,4,6,101,8991,False,False,38169,6947587490,8176,9,0.0,0,0.97098,0.03337559888605028,6853080,333755988
vdb_random-match-int-100-angular-no-filters,AUTOINDEX,18,111,411,3803,48,1,10,184,191,False,False,17077,4763459240,3109,92,0.0,0,0.30325,0.0023965213447809212,1000000,23965213
vdb_random-match-int-100-angular-no-filters,SCANN,29,448,443,788,16,2,2,718,5718,False,False,79454,2591971773,6938,72,0.0,0,0.9835,0.004309527273289858,7180,43095272
vdb_random-match-int-100-angular-no-filters,IVF_FLAT,33,263,303,4274,15,16,5,936,9040,True,False,80031,498113536,7947,90,0.0,0,0.824,0.007899600081145763,1282200,78996000
vdb_random-match-int-100-angular-no-filters,IVF_PQ,33,124,502,3305,22,1,6,465,8424,False,False,60976,4369538197,1853,50,0.0,0,0.07232999999999999,0.0047975154360756275,1454200,47975154
vdb_random-match-int-100-angular-no-filters,IVF_FLAT,38,440,924,6884,59,16,4,525,5360,False,False,70152,2196720924,4685,62,0.0,0,0.99864,0.02390115337911993,8123120,239011533
vdb_random-match-int-100-angular-no-filters,FLAT,55,479,430,2431,10,16,10,826,6411,True,False,61694,2264666088,5872,16,0.0,0,1.0,0.02706362397875637,1000000,270636239
vdb_random-match-int-100-angular-no-filters,IVF_SQ8,52,346,908,6163,21,16,8,299,8361,False,True,98320,5607470803,808,40,0.0,0,0.9058,0.014557165000587693,2588460,145571650
vdb_random-match-int-100-angular-no-filters,FLAT,6,432,406,5399,65,4,8,536,6551,False,False,43428,948198941,2963,80,0.0,0,1.0,0.02739048460498452,1000000,273904846
vdb_random-match-int-100-angular-no-filters,IVF_SQ8,48,348,896,6932,47,32,7,341,8727,False,True,66674,7688005278,9391,17,0.0,0,0.96635,0.023497008020058274,6516080,234970080
vdb_random-match-int-100-angular-no-filters,AUTOINDEX,55,374,915,8509,86,2,8,416,389,True,False,7410,809884952,5980,23,0.0,0,0.30865,0.0023343322565779075,1000000,23343322
vdb_random-match-int-100-angular-no-filters,FLAT,46,229,591,4753,80,32,9,479,1736,False,True,13390,619160021,1293,29,0.0,0,1.0,0.027671797154471277,1000000,276717971
vdb_random-match-int-100-angular-no-filters,SCANN,8,308,128,6332,62,16,4,773,2614,True,False,56633,2003261146,8339,11,0.0,0,0.9854,0.004708855459466575,7730,47088554
vdb_random-match-int-100-angular-no-filters,IVF_SQ8,41,50,114,7802,90,1,4,379,8020,True,False,27486,7955840949,8300,48,0.0,0,0.9697600000000001,0.03885027086362243,14043600,388502708
vdb_random-match-int-100-angular-no-filters,FLAT,58,294,283,1111,49,2,2,507,3294,False,False,90565,6958324131,1693,37,0.0,0,1.0,0.027159946062602098,1000000,271599460
vdb_random-match-int-100-angular-no-filters,FLAT,26,30,836,3175,100,32,7,301,4941,True,True,69219,4149588885,1607,85,0.0,0,1.0,0.026962930266745386,1000000,269629302
vdb_random-match-int-100-angular-no-filters,HNSW,33,270,465,2390,57,8,7,369,6214,True,False,31934,690935,911,94,0.0,0,0.97391,0.006755598285235464,8910000,67555982
vdb_random-match-int-100-angular-no-filters,IVF_FLAT,43,164,926,8477,73,4,7,233,5724,False,True,70515,7798708684,3569,61,0.0,0,1.0,0.027781196800060567,12376420,277811968
vdb_random-match-int-100-angular-no-filters,HNSW,27,452,375,3564,17,8,7,512,9419,True,True,40107,7020584179,9101,4,0.0,0,0.95393,0.0058230889262631536,12204000,58230889
vdb_random-match-int-100-angular-no-filters,IVF_SQ8,31,237,796,2812,56,32,10,807,6991,False,False,71442,3499501319,3490,45,0.0,0,0.9605300000000001,0.02294033218640834,3149440,229403321
vdb_random-match-int-100-angular-no-filters,SCANN,56,206,759,9629,33,1,8,756,268,True,False,73001,8655152360,7287,66,0.0,0,0.9846900000000002,0.004545131837949155,7560,45451318
vdb_random-match-int-100-angular-no-filters,FLAT,46,114,678,7890,62,4,5,793,4265,False,False,17156,193434941,2113,6,0.0,0,1.0,0.02827174882404506,1000000,282717488
vdb_random-match-int-100-angular-no-filters,IVF_FLAT,15,228,215,7901,73,128,1,588,4527,False,True,32283,907484580,972,44,0.0,0,1.0,0.027360932179726658,11535460,273609321
vdb_random-match-int-100-angular-no-filters,SCANN,58,462,184,107,11,64,8,315,2276,False,True,84189,8267371549,2810,32,0.0,0,0.43714,0.0024769684532657266,3150,24769684
vdb_random-match-int-100-angular-no-filters,IVF_SQ8,27,120,233,8258,34,64,2,177,8878,True,True,87272,6830402675,104,21,0.0,0,0.9622300000000001,0.02078901929780841,5615440,207890192
vdb_random-match-int-100-angular-no-filters,IVF_PQ,54,391,722,2744,2,1,10,216,2982,False,False,92759,8184719153,3493,99,0.0,0,0.1004,0.0025455080205574604,109760,25455080
vdb_random-match-int-100-angular-no-filters,FLAT,37,318,964,864,95,8,7,753,5992,True,False,15565,4874852899,2572,5,0.0,0,1.0,0.026713121728971598,1000000,267131217
vdb_random-match-int-100-angular-no-filters,SCANN,51,275,947,5205,68,1,3,495,2683,True,False,87992,1942370714,9718,25,0.0,0,0.97157,0.004378894343972206,4950,43788943
vdb_random-match-int-100-angular-no-filters,AUTOINDEX,29,74,657,9842,84,128,8,726,8396,True,True,30934,5340320243,9634,12,0.0,0,0.30576000000000003,0.002298766351304948,1000000,22987663
vdb_random-match-int-100-angular-no-filters,SCANN,9,434,451,4154,17,64,3,209,7474,False,False,95081,4853221356,9116,61,0.0,0,0.9212,0.003829560056328773,2090,38295600
vdb_random-match-int-100-angular-no-filters,IVF_SQ8,26,270,621,7680,16,8,9,437,6730,True,False,98674,4112438277,7510,49,0.0,0,0.8926299999999999,0.014702169131487607,2457600,147021691
vdb_random-match-int-100-angular-no-filters,IVF_SQ8,22,342,138,9791,30,32,6,240,8809,False,False,44475,152715508,2827,9,0.0,0,0.9624299999999999,0.021547082206234337,5874600,215470822
vdb_random-match-int-100-angular-no-filters,IVF_FLAT,23,311,271,9418,46,4,6,232,8089,True,True,67691,7369394535,7550,40,0.0,0,0.99902,0.02403050654102117,8664560,240305065
vdb_random-match-int-100-angular-no-filters,HNSW,35,231,574,7509,68,128,2,863,6880,False,True,58821,7271046831,1100,88,0.0,0,0.9830200000000001,0.007823852403089405,8085000,78238524
vdb_random-match-int-100-angular-no-filters,IVF_PQ,19,476,492,9252,92,1,6,659,1023,False,True,80276,4997557755,8256,34,0.0,0,0.08882999999999999,0.008134977216832338,17023680,81349772
vdb_random-match-int-100-angular-no-filters,IVF_FLAT,18,234,400,9773,67,64,8,100,8816,False,False,90240,5966583799,5962,69,0.0,0,1.0,0.027474686712957917,13095820,274746867
vdb_random-match-int-100-angular-no-filters,AUTOINDEX,57,177,324,5823,19,4,7,928,9147,True,False,85502,1536963876,6526,70,0.0,0,0.30523,0.002229146123863754,1000000,22291461
vdb_random-match-int-100-angular-no-filters,HNSW,53,76,339,960,72,8,3,597,7443,False,True,44074,7660202833,4431,47,0.0,0,0.96677,0.007125285826623439,4028000,71252858
vdb_random-match-int-100-angular-no-filters,IVF_PQ,30,243,500,9487,38,2,3,508,756,True,True,54595,8566367055,3180,46,0.0,0,0.07115,0.007054677605628967,7210120,70546776
vdb_random-match-int-100-angular-no-filters,IVF_PQ,56,247,726,3867,88,2,10,501,2521,False,False,37445,2984284068,9784,92,0.0,0,0.09975999999999999,0.008230409980751573,6805920,82304099
vdb_random-match-int-2048-angular-no-filters,HNSW,32,256,500,128,8,16,8,500,512,True,True,5000,16777216,1024,23,0.0,0,0.9664799999999999,0.04088143859989941,2590537,408814385
vdb_random-match-int-2048-angular-no-filters,IVF_SQ8,59,121,183,4660,4,128,2,786,6887,True,False,86050,4921772892,1808,73,0.0,0,0.8902599999999998,0.01268427944742143,117889,126842794
vdb_random-match-int-2048-angular-no-filters,IVF_SQ8,61,371,592,2413,77,2,3,848,9879,False,False,31753,4583170052,538,86,0.0,0,0.9815,0.01790079055353999,1175108,179007905
vdb_random-match-int-2048-angular-no-filters,AUTOINDEX,47,188,390,680,76,2,9,192,1042,False,True,816,6721952684,7571,70,0.0,0,0.36008999999999997,0.003534489916637537,316227,35344899
vdb_random-match-int-2048-angular-no-filters,AUTOINDEX,53,150,587,4213,36,2,1,619,6807,False,True,82051,6635289374,7143,27,0.0,0,0.38456,0.003608004236593841,316227,36080042
vdb_random-match-int-2048-angular-no-filters,IVF_PQ,8,159,321,6830,67,32,8,376,2167,False,True,12958,1023381733,5252,85,0.0,0,0.10393,0.0073906301055103535,2894179,73906301
vdb_random-match-int-2048-angular-no-filters,IVF_SQ8,30,90,571,3660,30,64,6,775,8084,True,True,65290,886190699,7611,44,0.0,0,0.98145,0.017611481668427586,694436,176114816
vdb_random-match-int-2048-angular-no-filters,IVF_SQ8,45,376,689,4431,84,32,7,434,8072,False,False,91199,2660974710,5887,94,0.0,0,0.98177,0.018090770859271278,2354024,180907708
vdb_random-match-int-2048-angular-no-filters,AUTOINDEX,38,73,134,3133,31,4,2,686,3024,False,True,26969,4025060689,8205,39,0.0,0,0.3594,0.0036536321975290742,316227,36536321
vdb_random-match-int-2048-angular-no-filters,IVF_FLAT,46,100,817,4135,20,16,2,341,9510,False,True,69082,9625092968,3249,85,0.0,0,0.99197,0.05589461228810251,523040,558946122
vdb_random-match-int-2048-angular-no-filters,FLAT,31,43,910,2946,60,64,3,471,1104,False,True,11660,2473406526,7290,94,0.0,0,0.9998400000000002,0.07085528364405036,316227,708552836
vdb_random-match-int-2048-angular-no-filters,AUTOINDEX,45,451,140,8795,34,128,8,803,7149,True,True,33941,3950640169,237,90,0.0,0,0.37378,0.0036932589951902623,316227,36932589
vdb_random-match-int-2048-angular-no-filters,HNSW,33,350,278,222,60,4,4,881,628,False,True,64361,2857376109,6447,15,0.0,0,0.96639,0.03364368840120733,3652430,336436884
vdb_random-match-int-2048-angular-no-filters,IVF_FLAT,29,196,586,2245,92,16,4,388,1229,False,False,18580,9577703482,118,69,0.0,0,0.9998400000000002,0.06239693812094629,1306273,623969381
vdb_random-match-int-2048-angular-no-filters,SCANN,57,17,250,5598,18,4,9,892,2950,True,False,85385,1125115047,5895,7,0.0,0,0.9998400000000002,0.0077564507722854585,2820,77564507
vdb_random-match-int-2048-angular-no-filters,IVF_FLAT,31,49,925,5324,9,1,6,295,5628,False,False,72980,3622153003,9188,59,0.0,0,0.9482299999999999,0.05465670069679618,303047,546567006
vdb_random-match-int-2048-angular-no-filters,AUTOINDEX,26,297,790,9634,92,1,7,351,739,True,True,85469,8737521731,1830,57,0.0,0,0.34193,0.003314644843339918,316227,33146448
vdb_random-match-int-2048-angular-no-filters,FLAT,42,385,180,3459,97,64,4,735,7751,True,False,74314,3699789150,5475,82,0.0,0,0.9998400000000002,0.07206644411198794,316227,720664441
vdb_random-match-int-2048-angular-no-filters,AUTOINDEX,46,48,884,9117,81,32,4,464,5781,True,True,90652,1475838228,3475,33,0.0,0,0.39496,0.003717477340251205,316227,37174773
vdb_random-match-int-2048-angular-no-filters,IVF_SQ8,18,478,455,3751,66,4,1,799,6953,False,True,14608,618655416,8797,76,0.0,0,0.98135,0.01597365760244429,1565744,159736576
vdb_random-match-int-2048-angular-no-filters,HNSW,12,147,840,4548,55,16,1,428,6492,False,True,98763,9783142588,3800,99,0.0,0,0.82196,0.021188297588378188,557825,211882975
vdb_random-match-int-2048-angular-no-filters,IVF_PQ,21,219,471,1602,20,4,2,384,394,False,True,92638,2741393535,6544,50,0.0,0,0.03982,0.004369309544563293,202638,43693095
vdb_random-match-int-2048-angular-no-filters,AUTOINDEX,43,168,454,7799,14,32,7,478,1637,True,False,84956,339050474,6776,20,0.0,0,0.32048000000000004,0.0034192781429737773,316227,34192781
vdb_random-match-int-2048-angular-no-filters,IVF_FLAT,61,50,483,423,99,8,4,779,822,True,True,19615,8065814110,6458,34,0.0,0,0.9998400000000002,0.05077874716371298,264853,507787471
vdb_random-match-int-2048-angular-no-filters,SCANN,52,210,174,5047,8,32,1,261,7412,False,True,44001,6900638910,5765,20,0.0,0,0.9987299999999999,0.0051049628295004364,825,51049628
vdb_random-match-int-2048-angular-no-filters,FLAT,31,396,819,9449,90,128,3,265,4677,False,False,49268,5067046903,6501,67,0.0,0,0.9998400000000002,0.07310573174618185,316227,731057317
vdb_random-match-int-2048-angular-no-filters,FLAT,5,191,980,8910,18,1,3,243,951,False,True,40451,4881030178,308,80,0.0,0,0.9998400000000002,0.07030173796229064,316227,703017379
vdb_random-match-int-2048-angular-no-filters,AUTOINDEX,30,24,890,7224,85,1,5,953,448,False,False,27367,1881991173,7991,31,0.0,0,0.38111000000000006,0.003624124219641085,316227,36241242
vdb_random-match-int-2048-angular-no-filters,AUTOINDEX,38,60,588,8909,3,2,4,532,9444,False,True,98375,8562901097,8208,6,0.0,0,0.36683000000000004,0.0036935304757207597,316227,36935304
vdb_random-match-int-2048-angular-no-filters,IVF_PQ,21,380,452,1534,47,8,10,570,7035,True,True,50692,4168549281,2457,38,0.0,0,0.03596,0.007035348890349269,455987,70353488
vdb_random-match-int-2048-angular-no-filters,FLAT,33,472,859,1379,57,2,6,968,6603,True,True,91266,6123890512,8845,33,0.0,0,0.9998400000000002,0.06988934455439448,316227,698893445
vdb_random-match-int-2048-angular-no-filters,HNSW,27,199,1000,4290,53,2,1,304,9321,True,False,78756,9516837907,8468,73,0.0,0,0.97255,0.040957677084952585,1699091,409576770
vdb_random-match-int-2048-angular-no-filters,IVF_PQ,40,504,290,6923,68,1,6,754,8675,True,True,56494,3938842039,347,82,0.0,0,0.009040000000000001,0.004870496783405539,2977372,48704967
vdb_random-match-int-2048-angular-no-filters,HNSW,56,440,308,6257,25,32,4,486,928,True,False,94294,3996351407,7397,79,0.0,0,0.98845,0.12753905593417583,7791852,1275390559
vdb_random-match-int-2048-angular-no-filters,AUTOINDEX,57,430,776,6636,36,8,3,588,3633,False,True,47753,4564440849,1359,4,0.0,0,0.36812,0.0035951316822320206,316227,35951316
vdb_random-match-int-2048-angular-no-filters,IVF_FLAT,31,492,256,5333,48,64,2,756,843,True,True,61909,4965098528,8489,84,0.0,0,0.9998400000000002,0.05905501642264425,1618984,590550164
vdb_random-match-int-2048-angular-no-filters,HNSW,26,315,283,3444,39,128,5,976,2134,False,False,36615,1102314614,2873,85,0.0,0,0.89518,0.025894711352884767,2589905,258947113
vdb_random-match-int-2048-angular-no-filters,FLAT,27,179,274,536,67,128,2,698,6568,True,False,87593,289752740,2467,46,0.0,0,0.9998400000000002,0.06916154907085001,316227,691615490
vdb_random-match-int-2048-angular-no-filters,HNSW,46,34,568,1154,34,4,5,911,904,False,True,70233,4692180479,379,76,0.0,0,0.9267700000000001,0.040792151307687145,494580,407921513
vdb_random-match-int-2048-angular-no-filters,AUTOINDEX,41,480,409,8500,36,64,7,329,5472,True,True,53469,8715103131,8099,19,0.0,0,0.38159,0.003806659253314137,316227,38066592
vdb_random-match-int-2048-angular-no-filters,HNSW,10,433,323,865,86,1,2,746,5343,False,False,51981,5702867848,9151,98,0.0,0,0.8231,0.013824881846085189,1369266,138248818
vdb_random-match-int-2048-angular-no-filters,AUTOINDEX,60,54,426,7564,67,128,3,215,8752,False,False,46087,7947623622,765,19,0.0,0,0.36358,0.0037374197505414455,316227,37374197
vdb_random-match-int-2048-angular-no-filters,HNSW,7,43,722,2878,23,32,6,971,7458,True,False,59311,9725920608,1821,88,0.0,0,0.60232,0.007910370361059897,95184,79103703
vdb_random-match-int-2048-angular-no-filters,FLAT,40,400,885,142,13,32,1,624,138,True,False,36300,406568035,3412,52,0.0,0,0.9998400000000002,0.07289458471350371,316227,728945847
vdb_random-match-int-2048-angular-no-filters,HNSW,48,267,756,9778,95,16,9,931,2856,False,False,17159,5386775538,2653,71,0.0,0,0.9929,0.05150417322292924,4052775,515041732
vdb_random-match-int-2048-angular-no-filters,HNSW,49,397,342,5146,10,128,7,781,6368,False,True,26118,3218981737,529,69,0.0,0,0.98567,0.11340047093108287,6151578,1134004709
vdb_random-match-int-2048-angular-no-filters,HNSW,58,104,491,7509,67,4,4,210,8104,False,True,35953,3756155581,9584,31,0.0,0,0.9980199999999999,0.09067716319113969,1907485,906771631
vdb_random-match-int-2048-angular-no-filters,AUTOINDEX,15,508,410,961,60,32,9,542,6095,False,False,52669,1281588835,5265,69,0.0,0,0.35144000000000003,0.0035141536034643634,316227,35141536
vdb_random-match-int-2048-angular-no-filters,AUTOINDEX,13,342,574,5347,32,4,6,161,2702,True,True,92815,779908324,9374,1,0.0,0,0.37094,0.0037240787409245943,316227,37240787
vdb_random-match-int-2048-angular-no-filters,IVF_PQ,22,383,198,6604,66,16,7,630,3009,False,True,83991,5430812520,4798,6,0.0,0,0.03497,0.007544287014752622,2756645,75442870
vdb_random-match-int-2048-angular-no-filters,IVF_PQ,48,413,524,2843,10,4,9,696,8673,False,True,77820,8808345242,2142,46,0.0,0,0.03362,0.005014242557808752,179807,50142425
vdb_random-match-int-2048-angular-no-filters,FLAT,34,222,789,8159,96,128,8,616,674,False,True,61939,7504153861,5514,21,0.0,0,0.9998400000000002,0.0729636660311371,316227,729636660
vdb_random-match-int-2048-angular-no-filters,AUTOINDEX,22,379,768,4310,29,1,2,560,1476,False,False,40672,7917463563,9855,54,0.0,0,0.35706000000000004,0.003649416053667663,316227,36494160
vdb_random-match-int-2048-angular-no-filters,IVF_PQ,12,36,402,803,55,8,4,704,4755,False,False,47743,6011103835,2838,5,0.0,0,0.06620999999999999,0.005134994396939874,279323,51349943
vdb_random-match-int-2048-angular-no-filters,AUTOINDEX,35,73,974,9951,50,32,10,110,4022,False,True,6320,8602688780,1647,53,0.0,0,0.40126,0.003885946096852419,316227,38859460
vdb_random-match-int-2048-angular-no-filters,IVF_FLAT,51,183,435,400,2,64,8,519,7789,True,True,42019,6886808986,9034,61,0.0,0,0.2336,0.0058692209888249565,5059,58692209
vdb_random-match-int-2048-angular-no-filters,IVF_PQ,32,399,191,9198,72,16,9,147,5192,True,False,87089,7769010978,5825,4,0.0,0,0.09369,0.007929341169074173,4188474,79293411
vdb_random-match-int-2048-angular-no-filters,IVF_PQ,54,248,833,6226,43,128,2,317,2341,False,True,32642,8037052457,7498,37,0.0,0,0.10302999999999997,0.01258485428988933,1693197,125848542
vdb_random-match-int-2048-angular-no-filters,AUTOINDEX,28,415,870,190,37,1,4,113,6170,True,False,21662,7717467674,6029,74,0.0,0,0.38452000000000003,0.003699481161311262,316227,36994811
vdb_random-match-int-2048-angular-no-filters,IVF_SQ8,43,451,983,7106,34,128,8,937,3267,False,False,48625,3331535881,9899,14,0.0,0,0.9817299999999999,0.01788940243422985,1528037,178894024
vdb_random-match-int-2048-angular-no-filters,HNSW,55,115,806,1422,95,8,4,414,405,True,True,1821,3944823990,5332,23,0.0,0,0.9850400000000001,0.04796038819476956,2000140,479603881
vdb_random-match-int-2048-angular-no-filters,IVF_FLAT,44,185,649,9211,55,1,4,857,2068,False,True,97591,8950831621,2225,13,0.0,0,0.9998400000000002,0.0584247665014118,3204051,584247665
vdb_random-match-int-2048-angular-no-filters,IVF_FLAT,37,430,120,401,80,4,3,186,3902,True,True,71394,5232055906,5163,20,0.0,0,0.99631,0.05920869237743316,202891,592086923
vdb_random-match-int-2048-angular-no-filters,SCANN,62,481,676,5804,53,8,3,880,3778,False,False,39098,5926071133,7268,70,0.0,0,0.99982,0.007602294767275452,2782,76022947
vdb_random-match-int-2048-angular-no-filters,IVF_FLAT,34,270,356,2706,52,16,3,142,7517,False,True,39771,5712504243,506,2,0.0,0,0.9998400000000002,0.05864313375204801,889940,586431337
vdb_random-match-int-2048-angular-no-filters,IVF_FLAT,11,406,563,4883,10,8,6,541,6823,True,False,24242,1545919279,1323,74,0.0,0,0.9483,0.05396912391297518,308828,539691239
vdb_random-match-int-2048-angular-no-filters,HNSW,6,246,551,3170,48,8,9,211,2048,False,False,44828,1878614267,8661,89,0.0,0,0.7066100000000001,0.01197474026121199,466752,119747402
vdb_random-match-int-2048-angular-no-filters,IVF_SQ8,54,497,609,9850,12,128,5,249,2585,True,True,62335,2886000097,1091,40,0.0,0,0.9812,0.0171390427276492,747562,171390427
vdb_random-match-int-2048-angular-no-filters,IVF_SQ8,41,286,909,7455,37,128,6,730,2863,True,True,22280,682551016,2785,75,0.0,0,0.98175,0.01588897071778774,1744533,158889707
vdb_random-match-int-2048-angular-no-filters,IVF_PQ,15,190,311,998,57,32,7,499,8814,False,True,21478,8926638808,5735,31,0.0,0,0.10272999999999997,0.007988240104168652,359778,79882401
vdb_random-match-int-2048-angular-no-filters,AUTOINDEX,33,486,475,1311,76,1,9,717,4437,False,True,43443,8822092738,6067,63,0.0,0,0.34912,0.0036155586130917055,316227,36155586
vdb_random-match-int-2048-angular-no-filters,FLAT,8,216,735,2497,3,2,8,799,209,True,False,55635,2242722343,7664,46,0.0,0,0.9998400000000002,0.06830304954200983,316227,683030495
vdb_random-match-int-2048-angular-no-filters,FLAT,18,227,324,9367,91,1,4,861,6037,False,False,99152,2841070406,6227,69,0.0,0,0.9998400000000002,0.06998891001567244,316227,699889100
vdb_random-match-int-2048-angular-no-filters,HNSW,20,494,459,5110,17,8,8,419,4895,True,False,63222,8291392161,587,61,0.0,0,0.91041,0.028471845248714087,3124330,284718452
vdb_random-match-int-2048-angular-no-filters,IVF_FLAT,21,234,665,6148,83,2,2,109,8977,True,True,34990,6488811248,6871,63,0.0,0,0.9998400000000002,0.05440254942514002,3227319,544025494
vdb_random-match-int-2048-angular-no-filters,IVF_SQ8,55,132,739,8729,44,16,5,721,7991,True,False,23954,5453439716,3156,47,0.0,0,0.98116,0.020110559789463876,2429109,201105597
vdb_random-match-int-2048-angular-no-filters,IVF_SQ8,14,9,923,321,82,128,6,431,7838,False,True,71472,4156146890,7116,82,0.0,0,0.9799100000000001,0.01810524663887918,166474,181052466
vdb_random-match-int-2048-angular-no-filters,IVF_FLAT,9,432,320,7840,41,128,3,797,467,True,False,9597,2579405875,6998,31,0.0,0,0.9998400000000002,0.05515547916293144,2032965,551554791
vdb_random-match-int-2048-angular-no-filters,HNSW,64,465,386,8938,68,2,4,346,810,True,False,10953,7927352135,3074,71,0.0,0,0.9978899999999999,0.1317029634490609,9410938,1317029634
vdb_random-match-int-2048-angular-no-filters,HNSW,23,119,882,7349,19,64,5,226,3151,False,True,92103,1035988247,1107,19,0.0,0,0.9351599999999999,0.03285302929580212,865515,328530292
vdb_random-match-int-2048-angular-no-filters,IVF_SQ8,28,128,807,4976,5,8,8,488,5203,True,False,98182,5628967602,4180,76,0.0,0,0.92985,0.015015339106321331,157354,150153391
vdb_random-match-int-2048-angular-no-filters,FLAT,13,134,816,7001,91,1,8,681,876,False,True,63481,1846793660,6056,72,0.0,0,0.9998400000000002,0.07049465919844805,316227,704946591
vdb_random-match-int-2048-angular-no-filters,IVF_FLAT,17,368,401,3209,9,4,4,933,5447,True,True,39355,7870545014,6195,90,0.0,0,0.8745699999999998,0.04704869124107061,182659,470486912
vdb_random-match-int-2048-angular-no-filters,SCANN,49,153,253,5075,63,64,4,782,6748,True,True,93374,2901213074,5076,72,0.0,0,0.9998100000000001,0.006815832201391454,2472,68158322
vdb_random-match-int-2048-angular-no-filters,IVF_FLAT,33,221,365,3545,37,32,3,626,1708,True,False,39251,2831891088,660,94,0.0,0,0.9998400000000002,0.058646618667989966,829560,586466186
vdb_random-match-int-2048-angular-no-filters,HNSW,20,248,182,9056,50,8,6,334,7403,True,False,73175,3485363894,7746,65,0.0,0,0.76253,0.01633880352601409,1568489,163388035
vdb_random-match-int-2048-angular-no-filters,IVF_SQ8,19,471,224,7116,15,2,3,762,1740,True,False,67592,4571910847,2427,42,0.0,0,0.98095,0.0177937067579478,675083,177937067
vdb_random-match-int-2048-angular-no-filters,FLAT,55,8,939,9236,73,8,7,637,7267,False,True,95414,9739548879,9001,79,0.0,0,0.9998400000000002,0.07062667934224008,316227,706266793
vdb_random-match-int-2048-angular-no-filters,FLAT,5,322,681,6095,25,2,7,489,7138,True,True,42838,4427140084,3338,74,0.0,0,0.9998400000000002,0.0697681485209614,316227,697681485
vdb_random-match-int-2048-angular-no-filters,SCANN,6,319,403,503,15,4,7,597,1481,False,False,61068,7845170832,3392,96,0.0,0,0.9674900000000002,0.005683042155578725,1887,56830421
vdb_random-match-int-2048-angular-no-filters,AUTOINDEX,63,508,635,13,80,8,7,796,6662,True,True,1477,4764842967,7248,14,0.0,0,0.35488,0.0036387347616255246,316227,36387347
vdb_random-match-int-2048-angular-no-filters,FLAT,13,353,842,7588,60,32,2,216,1969,True,False,55658,9760511593,5749,10,0.0,0,0.9998400000000002,0.07022903002798557,316227,702290300
vdb_random-match-int-2048-angular-no-filters,AUTOINDEX,9,438,991,9662,74,1,6,432,7093,True,False,66961,5368311733,8229,95,0.0,0,0.36956000000000006,0.003583877068012952,316227,35838770
vdb_random-match-int-2048-angular-no-filters,IVF_PQ,15,485,637,5436,67,8,9,569,4139,False,False,42893,609492604,783,21,0.0,0,0.035640000000000005,0.006810390157625079,2303478,68103901
vdb_random-match-int-2048-angular-no-filters,SCANN,29,271,225,2314,65,8,1,488,3588,True,False,31102,3310394799,5135,26,0.0,0,0.9998,0.005816550739109516,1543,58165507
vdb_random-match-int-2048-angular-no-filters,FLAT,28,335,127,7768,97,128,8,111,1300,True,True,54035,3180440215,9048,68,0.0,0,0.9998400000000002,0.07271596356295049,316227,727159635
vdb_random-match-int-2048-angular-no-filters,FLAT,29,193,972,4004,44,8,10,529,8047,True,False,61484,8322949886,6386,60,0.0,0,0.9998400000000002,0.0702555939555168,316227,702555939
vdb_random-match-int-2048-angular-no-filters,SCANN,5,219,622,9342,62,2,2,190,6709,True,False,20049,4357272521,7682,65,0.0,0,0.9978299999999999,0.005057763867080211,600,50577638
vdb_random-match-int-2048-angular-no-filters,HNSW,24,245,647,1712,41,8,4,747,559,True,False,16604,575391629,2257,68,0.0,0,0.9498400000000001,0.0359990928787738,1859419,359990928
vdb_random-match-int-2048-angular-no-filters,IVF_FLAT,50,176,490,7975,22,64,8,571,7942,False,False,25086,5826856938,9244,2,0.0,0,0.9998400000000002,0.06426799534820019,1109643,642679953
vdb_random-match-int-2048-angular-no-filters,HNSW,43,402,738,9107,39,64,2,454,3581,False,True,13867,3458246032,7279,27,0.0,0,0.9914799999999999,0.07518563917838036,5466313,751856391
vdb_random-match-int-2048-angular-no-filters,FLAT,35,106,105,3618,19,64,1,649,1462,False,True,62860,2626217557,2299,65,0.0,0,0.9998400000000002,0.06999954967759549,316227,699995496
vdb_random-match-int-2048-angular-no-filters,IVF_FLAT,57,85,645,2569,52,8,2,200,3805,False,False,44136,9105899602,5174,95,0.0,0,0.9998400000000002,0.060995887452736465,844884,609958874
vdb_random-match-int-2048-angular-no-filters,IVF_FLAT,33,427,394,197,83,1,2,602,9504,True,False,88493,9685361750,998,77,0.0,0,0.99325,0.06131720128469169,103412,613172012
vdb_random-match-int-2048-angular-no-filters,HNSW,23,49,650,9518,20,32,2,574,2616,False,False,57227,6693607827,1270,67,0.0,0,0.8574200000000001,0.026001399895176292,356388,260013998
vdb_random-match-int-2048-angular-no-filters,IVF_FLAT,6,445,787,1600,22,8,9,235,9246,False,False,16111,955588677,8289,9,0.0,0,0.9075300000000001,0.046215566340833895,222624,462155663
vdb_random-match-int-2048-angular-no-filters,HNSW,40,300,665,6269,8,4,9,381,9372,False,False,18956,6102635158,7786,85,0.0,0,0.98716,0.05074079371988773,3794733,507407937
vdb_random-match-int-2048-angular-no-filters,FLAT,32,457,502,6431,96,64,8,840,5565,False,False,26786,257160461,7458,76,0.0,0,0.9998400000000002,0.06954429927282035,316227,695442992
vdb_random-match-int-2048-angular-no-filters,FLAT,31,209,422,8777,96,2,4,653,5998,True,True,72778,4479448452,6304,28,0.0,0,0.9998400000000002,0.07138982103206216,316227,713898210
vdb_random-match-int-2048-angular-no-filters,HNSW,45,381,972,4293,56,4,6,169,4622,False,False,67708,737693463,8040,68,0.0,0,0.9972699999999999,0.1000365387182682,5421725,1000365387
vdb_random-match-int-2048-angular-no-filters,IVF_SQ8,63,466,403,6946,20,2,9,555,1211,True,True,87498,5240277013,4209,52,0.0,0,0.9813799999999999,0.017394409421831368,878607,173944094
vdb_random-match-int-2048-angular-no-filters,IVF_FLAT,44,29,815,8429,47,1,8,364,5062,True,True,84053,7111178538,1450,28,0.0,0,0.9998400000000002,0.056791279697790735,2505554,567912796
vdb_random-match-int-2048-angular-no-filters,IVF_PQ,22,171,195,3479,94,128,7,530,6695,True,False,85029,6969222856,8428,75,0.0,0,0.08746,0.016660095239058134,2068294,166600952
vdb_random-match-int-2048-angular-no-filters,SCANN,42,149,378,9794,71,32,3,584,1411,False,False,12220,6613174457,6930,30,0.0,0,0.99982,0.006122017931193111,1846,61220179
vdb_random-match-int-2048-angular-no-filters,SCANN,38,244,801,2443,75,16,7,276,7590,True,True,16291,3725082502,6906,47,0.0,0,0.99915,0.004780532279983161,872,47805322
vdb_random-match-int-2048-angular-no-filters,SCANN,33,24,373,7081,54,64,4,546,7286,False,True,9291,1225681421,6587,88,0.0,0,0.9998,0.006190433120355009,1726,61904331
vdb_random-match-int-2048-angular-no-filters,SCANN,59,469,214,8079,35,128,10,444,8894,True,True,49401,502440018,9695,47,0.0,0,0.99977,0.005542398896068331,1404,55423988
vdb_random-match-int-2048-angular-no-filters,FLAT,6,153,930,8394,93,2,1,528,5408,True,False,6541,9471671682,2671,46,0.0,0,0.9998400000000002,0.07240902548655866,316227,724090254
vdb_random-match-int-2048-angular-no-filters,SCANN,33,333,376,2298,71,128,7,617,3509,True,False,76790,5316693698,1148,42,0.0,0,0.99974,0.006392720015719531,1951,63927200
vdb_random-match-int-2048-angular-no-filters,SCANN,14,36,171,4685,79,16,6,153,6582,False,False,2040,8839782881,5002,96,0.0,0,0.9958,0.00464401300996542,483,46440130
vdb_random-match-int-2048-angular-no-filters,HNSW,12,485,439,7852,32,32,8,232,8648,True,True,38995,8432751989,4014,54,0.0,0,0.8159900000000001,0.01922082146629691,1840445,192208214
vdb_random-match-int-2048-angular-no-filters,IVF_PQ,10,42,743,29,79,8,7,579,274,True,False,15307,2921895511,9429,11,0.0,0,0.09380999999999999,0.0049734350293874725,14489,49734350
vdb_random-match-int-2048-angular-no-filters,AUTOINDEX,44,490,158,4748,14,32,5,929,3487,True,False,11087,9420750433,8496,3,0.0,0,0.38921,0.003434946946799755,316227,34349469
vdb_random-match-int-2048-angular-no-filters,IVF_PQ,20,238,683,6665,46,16,4,274,2145,False,True,18308,5489250278,7646,87,0.0,0,0.08786999999999999,0.006539777340367433,1939045,65397773
vdb_random-match-int-2048-angular-no-filters,IVF_SQ8,36,13,871,5063,80,1,2,271,1031,False,False,38276,466218948,2824,5,0.0,0,0.98111,0.01628084909170866,2561697,162808490
vdb_random-match-int-2048-angular-no-filters,AUTOINDEX,57,312,765,6650,27,64,6,987,2644,False,False,57814,3246650207,4101,95,0.0,0,0.37493000000000004,0.003615905717015265,316227,36159057
vdb_random-match-int-2048-angular-no-filters,IVF_SQ8,62,446,747,9049,11,16,3,319,3340,False,False,28558,2235590002,670,32,0.0,0,0.98106,0.017644490813836452,629539,176444908
vdb_random-match-int-2048-angular-no-filters,IVF_PQ,18,166,893,5194,29,16,2,824,6333,False,False,63983,9154064929,9069,75,0.0,0,0.05898,0.006316129444167016,952642,63161294
vdb_random-match-int-2048-angular-no-filters,IVF_SQ8,18,47,289,6361,73,2,1,644,4112,True,True,46555,1489577390,7530,94,0.0,0,0.98121,0.017132674157619477,2936826,171326741
vdb_random-match-int-2048-angular-no-filters,AUTOINDEX,15,60,354,9426,21,32,9,863,6105,True,True,28377,5417342364,2412,41,0.0,0,0.372,0.003758725477382537,316227,37587254
vdb_random-match-int-2048-angular-no-filters,IVF_PQ,41,107,508,6088,97,1,2,948,992,True,False,9992,4908135676,1493,13,0.0,0,0.04225,0.0047782066743820885,3734877,47782066
vdb_random-match-int-2048-angular-no-filters,HNSW,48,379,411,8013,95,32,7,595,1600,False,True,80862,5557862136,7962,5,0.0,0,0.9917799999999999,0.09711503717117007,5752815,971150371
vdb_random-match-int-2048-angular-no-filters,IVF_SQ8,33,339,534,44,86,128,1,829,7211,False,True,42324,4058372029,8411,81,0.0,0,0.98267,0.01790402429178357,23932,179040242
vdb_random-match-int-2048-angular-no-filters,SCANN,62,172,807,7318,17,64,3,218,179,False,True,64797,7076148615,2730,45,0.0,0,0.9983800000000002,0.004726468445733188,689,47264684
vdb_random-match-int-2048-angular-no-filters,HNSW,46,298,478,631,45,1,3,344,8319,True,True,26384,435657464,5240,17,0.0,0,0.9817,0.05638334397226572,4334850,563833439
vdb_random-match-int-2048-angular-no-filters,SCANN,51,307,575,8842,10,16,9,305,6448,True,False,22468,8647240897,4590,4,0.0,0,0.9992,0.004999965662136673,964,49999656
vdb_random-match-int-2048-angular-no-filters,SCANN,11,276,543,7181,70,16,5,204,2976,False,True,93157,9888481994,1888,2,0.0,0,0.99818,0.005020083859562873,645,50200838
vdb_random-match-int-2048-angular-no-filters,IVF_FLAT,36,123,845,9302,28,16,8,498,9394,True,False,86187,2870704723,7197,55,0.0,0,0.9998400000000002,0.06003654487431048,1647268,600365448
vdb_random-match-int-2048-angular-no-filters,IVF_FLAT,52,289,696,9129,65,64,7,535,863,True,False,21047,7774123873,5102,24,0.0,0,0.9998400000000002,0.06392740453593432,3752896,639274045
vdb_random-match-int-2048-angular-no-filters,IVF_SQ8,34,326,986,7282,68,32,7,707,9298,False,False,14250,6715475826,9362,26,0.0,0,0.9811200000000001,0.01872419486753642,3131768,187241948
vdb_random-match-int-2048-angular-no-filters,IVF_FLAT,37,341,111,4240,43,64,10,157,5842,False,False,90596,6436798747,3185,11,0.0,0,0.9998400000000002,0.057661117101088157,1153092,576611171
vdb_random-match-int-2048-angular-no-filters,IVF_SQ8,42,226,945,3437,44,8,5,642,6284,False,False,14747,4484125357,1536,89,0.0,0,0.98087,0.01963898483663797,956449,196389848
vdb_random-match-int-2048-angular-no-filters,FLAT,40,382,101,3684,63,2,8,380,4989,False,False,37390,5541306828,708,17,0.0,0,0.9998400000000002,0.07186827170662581,316227,718682717
vdb_random-match-int-2048-angular-no-filters,AUTOINDEX,6,415,543,5265,73,1,5,895,6652,True,True,679,7689064402,5705,54,0.0,0,0.35418,0.0035121187102049585,316227,35121187
vdb_random-match-int-2048-angular-no-filters,AUTOINDEX,23,437,405,2825,24,1,2,993,8455,True,False,79426,5472435422,8698,29,0.0,0,0.38623,0.003783219913020725,316227,37832199
vdb_random-match-int-2048-angular-no-filters,AUTOINDEX,61,313,353,2735,5,16,7,765,5949,True,False,81401,6302359609,8421,54,0.0,0,0.39448,0.004009874584153293,316227,40098745
vdb_random-match-int-2048-angular-no-filters,AUTOINDEX,19,289,831,4668,43,128,8,300,9381,False,True,17500,7458614449,4491,62,0.0,0,0.32107,0.0033950184006243944,316227,33950184
vdb_random-match-int-2048-angular-no-filters,IVF_PQ,60,145,839,7759,47,2,2,369,7168,True,False,86505,5759762859,6554,56,0.0,0,0.03415,0.004814883274957536,2306394,48148832
vdb_random-match-int-2048-angular-no-filters,AUTOINDEX,42,502,635,246,55,16,9,286,7069,False,True,29104,6593148194,3295,57,0.0,0,0.34513,0.0035567632410675237,316227,35567632
vdb_random-match-int-2048-angular-no-filters,IVF_FLAT,26,93,840,3128,51,64,8,621,7846,False,True,5909,807625563,2425,2,0.0,0,0.9998400000000002,0.06500093154609203,1008943,650009315
vdb_random-match-int-2048-angular-no-filters,IVF_SQ8,16,76,764,8083,55,128,4,264,2466,False,True,72602,3278105759,9969,42,0.0,0,0.9816299999999999,0.016517000878229736,2811675,165170008
vdb_random-match-int-2048-angular-no-filters,IVF_SQ8,24,295,630,5622,87,128,1,950,4803,True,False,44614,7154625909,3362,88,0.0,0,0.9817,0.018518203636631356,3093428,185182036
vdb_random-match-int-2048-angular-no-filters,FLAT,41,189,692,1580,71,2,8,150,3993,True,True,66770,7612426744,8645,45,0.0,0,0.9998400000000002,0.06923372773453593,316227,692337277
vdb_random-match-int-2048-angular-no-filters,HNSW,11,83,308,2915,21,1,9,904,584,False,False,68284,3144284988,6099,84,0.0,0,0.6803899999999999,0.011557183088734746,288715,115571830
vdb_random-match-int-2048-angular-no-filters,IVF_FLAT,37,145,241,1824,40,8,4,120,3524,True,True,47865,9583209526,109,83,0.0,0,0.9840899999999999,0.0532199140638113,461439,532199140
vdb_random-match-int-2048-angular-no-filters,IVF_PQ,29,448,552,6344,87,4,2,167,9569,True,True,51534,5798070168,2393,78,0.0,0,0.043390000000000005,0.004971292428672308,3490699,49712924
vdb_random-match-int-2048-angular-no-filters,IVF_PQ,39,356,315,2523,86,128,4,1000,5291,True,False,54940,9630767010,3101,16,0.0,0,0.10638,0.015164843155071134,1372289,151648431
vdb_random-match-int-2048-angular-no-filters,AUTOINDEX,40,97,461,5490,79,128,3,614,9405,False,False,76670,8453576981,9194,17,0.0,0,0.38386,0.003697795281186699,316227,36977952
vdb_random-match-int-2048-angular-no-filters,AUTOINDEX,20,141,351,1799,18,16,3,998,8905,True,True,57052,3208490748,5397,41,0.0,0,0.39350999999999997,0.0037786359898745914,316227,37786359
vdb_random-match-int-2048-angular-no-filters,IVF_FLAT,17,366,780,484,18,64,6,315,7897,True,True,5244,3065630801,5928,10,0.0,0,0.7449,0.0366668033413589,55099,366668033
vdb_random-match-int-2048-angular-no-filters,IVF_FLAT,20,258,125,7577,97,32,8,682,8525,False,False,91806,4737376642,6847,27,0.0,0,0.9998400000000002,0.06485478677786886,4648352,648547867
vdb_random-match-int-2048-angular-no-filters,IVF_PQ,38,29,328,6294,44,32,5,843,6129,True,False,97128,6231732629,3322,15,0.0,0,0.10286,0.008044772315770386,1751497,80447723
vdb_random-match-int-2048-angular-no-filters,AUTOINDEX,28,359,627,1401,21,32,3,399,1551,True,True,60794,3255976966,4112,35,0.0,0,0.39148,0.003899358166381716,316227,38993581
vdb_random-match-int-2048-angular-no-filters,SCANN,23,232,669,7629,6,32,2,562,321,False,True,17979,5898558839,6955,71,0.0,0,0.9997699999999999,0.005943219643086195,1777,59432196
vdb_random-match-int-2048-angular-no-filters,FLAT,63,79,412,8125,96,32,9,978,1953,True,False,68644,1900404847,5325,76,0.0,0,0.9998400000000002,0.07113201986066997,316227,711320198
vdb_random-match-int-2048-angular-no-filters,FLAT,57,227,979,3818,89,1,6,572,1113,False,True,62391,7567907470,6279,85,0.0,0,0.9998400000000002,0.06888306294567882,316227,688830629
vdb_random-match-int-2048-angular-no-filters,HNSW,45,136,273,578,94,4,9,160,2507,False,True,37781,3832554819,8778,26,0.0,0,0.9325100000000001,0.033361513540148734,1935313,333615135
vdb_random-match-int-2048-angular-no-filters,IVF_SQ8,62,91,773,2102,42,32,7,874,4696,True,False,62180,6495327617,3381,94,0.0,0,0.9791700000000001,0.018126317812129856,558357,181263178
vdb_random-match-int-2048-angular-no-filters,IVF_SQ8,42,242,744,1216,4,8,8,169,4606,True,True,9462,5022608775,9334,56,0.0,0,0.6345299999999999,0.007571285683661697,30762,75712856
vdb_random-match-int-2048-angular-no-filters,FLAT,44,239,398,1072,32,8,7,123,9455,True,False,48483,3074673288,8353,42,0.0,0,0.9998400000000002,0.0700349738355726,316227,700349738
vdb_random-match-int-2048-angular-no-filters,SCANN,17,293,159,9438,18,2,2,942,4435,True,True,4445,8400091435,1426,36,0.0,0,0.9998400000000002,0.007454340998083352,2978,74543409
vdb_random-match-int-2048-angular-no-filters,IVF_FLAT,6,21,654,5859,81,16,2,553,7922,True,False,3641,976659964,5592,51,0.0,0,0.9998400000000002,0.06130549246445297,3001501,613054924
vdb_random-match-int-2048-angular-no-filters,HNSW,58,305,774,6629,40,16,10,820,2498,False,False,12638,1559671484,2682,47,0.0,0,0.9955799999999999,0.09242533855140209,5594069,924253385
vdb_random-match-int-2048-angular-no-filters,HNSW,31,369,250,2262,98,1,10,669,4526,False,True,27965,7210552227,9996,41,0.0,0,0.9522799999999999,0.03108934704214334,3617329,310893470
vdb_random-match-int-2048-angular-no-filters,AUTOINDEX,24,101,868,2852,75,4,1,981,8352,False,True,97291,6148967157,4826,87,0.0,0,0.36848000000000003,0.0036077715456485733,316227,36077715
vdb_random-match-int-2048-angular-no-filters,IVF_FLAT,47,470,802,5511,53,32,6,352,3971,False,False,38699,4016467703,2855,79,0.0,0,0.9998400000000002,0.06382434871047733,1847295,638243487
vdb_random-match-int-2048-angular-no-filters,IVF_PQ,54,292,137,5609,88,32,5,269,8503,False,True,45885,2599601275,4466,17,0.0,0,0.10285,0.008097822498530144,3121749,80978224
vdb_random-match-int-2048-angular-no-filters,IVF_PQ,42,364,553,4628,30,128,1,543,5656,True,False,67851,2972637162,3454,18,0.0,0,0.10139999999999999,0.011443977942690252,878101,114439779
vdb_random-match-int-2048-angular-no-filters,HNSW,11,37,539,8314,42,64,4,782,3878,False,False,43935,7414122039,3206,9,0.0,0,0.6614599999999999,0.011177290137857197,128704,111772901
vdb_random-match-int-2048-angular-no-filters,HNSW,4,469,783,8512,6,2,2,378,2719,True,False,17441,3824747786,8027,41,0.0,0,0.54191,0.005677509400993585,593243,56775094
vdb_random-match-int-2048-angular-no-filters,IVF_FLAT,59,285,300,5031,99,4,8,423,1315,True,False,61311,1435987793,1600,78,0.0,0,0.9998400000000002,0.06610555197112258,3150064,661055519
vdb_random-match-int-2048-angular-no-filters,AUTOINDEX,4,302,179,9965,89,128,10,763,5029,False,True,11327,9773897123,3763,29,0.0,0,0.36106000000000005,0.0036699313204735513,316227,36699313
vdb_random-match-int-2048-angular-no-filters,HNSW,5,22,131,3697,94,32,9,164,8509,True,False,52455,1944322692,4241,36,0.0,0,0.24234,0.0032693577930331228,34785,32693577
vdb_random-match-int-2048-angular-no-filters,SCANN,26,28,729,5698,78,16,2,734,1387,True,True,71822,9694102131,7429,67,0.0,0,0.9998400000000002,0.006473016692325469,2321,64730166
vdb_random-match-int-2048-angular-no-filters,FLAT,24,212,460,1345,76,2,4,492,4861,True,True,79322,4627775715,9913,26,0.0,0,0.9998400000000002,0.06993711958639323,316227,699371195
vdb_random-match-int-2048-angular-no-filters,FLAT,57,164,797,3971,45,8,3,469,8427,True,False,25359,4119882497,6523,8,0.0,0,0.9998400000000002,0.07089701099321245,316227,708970109
vdb_random-match-int-2048-angular-no-filters,IVF_FLAT,24,273,975,6178,88,32,2,897,8582,True,True,16970,1040694953,6639,67,0.0,0,0.9998400000000002,0.05784599436447024,3438433,578459943
vdb_random-match-int-2048-angular-no-filters,SCANN,22,477,718,1325,100,4,6,909,3355,False,False,97087,7103896216,944,30,0.0,0,0.99982,0.007455184450373052,2874,74551844
vdb_random-match-int-2048-angular-no-filters,FLAT,40,197,901,9863,34,16,4,362,5935,True,False,33458,4462256375,4816,95,0.0,0,0.9998400000000002,0.07204257058911026,316227,720425705
vdb_random-match-int-2048-angular-no-filters,IVF_FLAT,34,448,760,4693,56,64,8,708,6623,True,False,35425,8182576855,1798,34,0.0,0,0.9998400000000002,0.055438863951712845,1662143,554388639
vdb_random-match-int-2048-angular-no-filters,SCANN,47,449,164,9524,38,128,3,688,9424,True,False,67171,1159951034,3434,31,0.0,0,0.9998400000000002,0.0066565104294568295,2175,66565104
vdb_random-match-int-2048-angular-no-filters,IVF_PQ,31,51,288,9223,83,8,7,456,1088,True,False,75560,1402172478,5113,55,0.0,0,0.02352,0.005800626054406164,4841504,58006260
vdb_random-match-int-2048-angular-no-filters,SCANN,10,463,431,7174,41,32,5,920,4887,False,True,72155,7485515669,5733,83,0.0,0,0.9998299999999999,0.008045750623568887,2909,80457506
vdb_random-match-int-2048-angular-no-filters,SCANN,23,366,256,598,76,8,1,859,6237,False,True,73750,5206837726,2563,28,0.0,0,0.9998400000000002,0.0073985258117318115,2716,73985258
vdb_random-match-int-2048-angular-no-filters,AUTOINDEX,32,137,790,1972,80,64,9,629,8640,False,True,56748,5058046298,6565,89,0.0,0,0.39304,0.0038065739441663,316227,38065739
vdb_random-match-int-2048-angular-no-filters,FLAT,54,342,688,4649,43,1,10,912,3747,False,False,13970,8243266893,8304,11,0.0,0,0.9998400000000002,0.07071969229727983,316227,707196922
vdb_random-match-int-2048-angular-no-filters,FLAT,19,198,981,5239,25,2,7,803,6427,True,False,89900,5309570893,7587,40,0.0,0,0.9998400000000002,0.07028764663264155,316227,702876466
vdb_random-match-int-2048-angular-no-filters,AUTOINDEX,24,364,456,7157,18,32,4,814,4004,False,True,50763,8658162213,7772,50,0.0,0,0.37175,0.0035581905394792513,316227,35581905
vdb_random-match-int-2048-angular-no-filters,IVF_PQ,13,374,535,4920,28,1,4,426,1249,True,True,18721,2823094247,7702,49,0.0,0,0.02554,0.004489320563152429,871270,44893205
vdb_random-match-int-2048-angular-no-filters,IVF_PQ,12,142,305,9883,66,16,5,624,2057,True,True,87219,4657427227,1679,9,0.0,0,0.09368999999999998,0.0070092679467052225,4125368,70092679
vdb_random-match-int-2048-angular-no-filters,HNSW,5,316,196,4769,33,8,7,576,4073,False,True,15129,4099059597,3266,74,0.0,0,0.36438999999999994,0.0037301860284060214,499639,37301860
vdb_random-match-int-2048-angular-no-filters,IVF_PQ,20,32,262,32,36,128,6,603,2831,False,True,70051,7754098092,3821,2,0.0,0,0.1076,0.012632844038307667,7285,126328440
vdb_random-match-int-2048-angular-no-filters,SCANN,11,308,388,3348,31,8,9,446,785,False,True,80255,9745164909,2640,17,0.0,0,0.99972,0.005544911557808515,1410,55449115
vdb_random-match-int-2048-angular-no-filters,HNSW,60,11,732,5491,85,4,6,311,2263,True,True,42646,544438761,2383,72,0.0,0,0.87741,0.04295684620738029,208710,429568462
vdb_random-match-int-2048-angular-no-filters,AUTOINDEX,63,110,700,4398,35,2,9,406,4037,False,True,39453,9493038887,6663,5,0.0,0,0.35736,0.003674370190128684,316227,36743701
vdb_random-match-int-2048-angular-no-filters,FLAT,62,31,260,3561,82,128,3,325,4162,True,True,8343,534667361,5373,93,0.0,0,0.9998400000000002,0.07019108333624899,316227,701910833
vdb_random-match-int-2048-angular-no-filters,AUTOINDEX,34,184,950,3749,74,1,3,774,5917,False,True,95646,1815085161,848,72,0.0,0,0.35942,0.0036011655349284383,316227,36011655
vdb_random-match-int-2048-angular-no-filters,IVF_PQ,4,219,653,3511,57,4,7,117,5000,False,True,94645,5649284790,4001,28,0.0,0,0.0172,0.005628303065896031,1265714,56283030
vdb_random-match-int-2048-angular-no-filters,IVF_SQ8,17,35,644,414,81,64,6,146,1729,True,False,34605,5371531721,7491,11,0.0,0,0.97983,0.018204040452837942,212087,182040404
vdb_random-match-int-2048-angular-no-filters,HNSW,41,207,669,91,96,4,6,303,3368,True,False,66000,2441783025,4286,54,0.0,0,0.9831700000000001,0.04750647223554551,2683825,475064722
vdb_random-match-int-2048-angular-no-filters,IVF_FLAT,9,355,382,4183,17,4,4,116,5859,True,False,34410,7405194168,9082,93,0.0,0,0.9820399999999999,0.054153911257162686,449745,541539112
vdb_random-match-int-2048-angular-no-filters,FLAT,60,311,554,7517,77,16,3,789,3115,True,False,69345,1518369067,4946,65,0.0,0,0.9998400000000002,0.0721221103798598,316227,721221103
vdb_random-match-int-2048-angular-no-filters,FLAT,39,179,293,4638,86,8,2,314,1063,True,True,29726,2507315613,3663,30,0.0,0,0.9998400000000002,0.07240973110310732,316227,724097311
vdb_random-match-int-2048-angular-no-filters,IVF_PQ,11,220,863,5010,39,16,9,315,1696,False,True,70542,3051875617,6619,25,0.0,0,0.09037,0.0076502133626490795,1235754,76502133
vdb_random-match-int-2048-angular-no-filters,SCANN,24,51,281,4265,66,128,3,586,2310,True,False,71842,3736577936,3558,18,0.0,0,0.9998,0.006277937628328796,1853,62779376
vdb_random-match-int-2048-angular-no-filters,IVF_PQ,7,347,937,8461,60,1,7,195,9295,False,True,34932,1856777427,5456,47,0.0,0,0.00554,0.004969768412411211,3210723,49697684
vdb_random-match-int-2048-angular-no-filters,HNSW,13,427,223,4992,75,128,4,966,7349,True,False,88312,4939649598,5119,92,0.0,0,0.76933,0.013934248173609375,1755380,139342481
vdb_random-match-int-2048-angular-no-filters,IVF_PQ,15,21,854,896,39,128,10,928,9982,True,False,23046,1500333210,9481,42,0.0,0,0.13979,0.018068051477894184,221005,180680514
vdb_random-match-int-2048-angular-no-filters,IVF_SQ8,35,417,149,883,43,4,8,659,8231,True,True,20709,1972503509,2311,29,0.0,0,0.9356200000000001,0.01664917496964335,240137,166491749
vdb_random-match-int-2048-angular-no-filters,FLAT,7,319,844,7472,44,128,4,742,9161,False,False,99459,2734295635,8713,15,0.0,0,0.9998400000000002,0.07136724996380509,316227,713672499
vdb_random-match-int-2048-angular-no-filters,HNSW,14,246,733,1964,34,128,1,507,1427,True,True,48191,8338278460,3807,98,0.0,0,0.83355,0.017214132472872734,1089088,172141324
vdb_random-match-int-2048-angular-no-filters,IVF_SQ8,30,395,367,3016,3,1,9,752,8797,False,True,52200,8708356342,2479,41,0.0,0,0.78763,0.010082034906372427,57224,100820349
vdb_random-match-int-2048-angular-no-filters,IVF_SQ8,46,505,867,652,55,8,7,876,5184,True,False,76013,301481319,2240,26,0.0,0,0.9579200000000001,0.018496409943327297,226798,184964099
vdb_random-match-int-2048-angular-no-filters,FLAT,53,280,679,2796,88,32,9,409,4055,False,False,31271,8051878289,6606,37,0.0,0,0.9998400000000002,0.07086548954248428,316227,708654895
vdb_random-match-int-2048-angular-no-filters,SCANN,54,452,860,5767,74,32,8,218,9918,True,False,16807,8272079940,868,13,0.0,0,0.9981900000000001,0.005035616317763923,689,50356163
vdb_random-match-int-2048-angular-no-filters,IVF_FLAT,16,175,968,4073,49,32,4,693,7188,False,False,78235,4661172059,2318,80,0.0,0,0.9998400000000002,0.05677296719513832,1262235,567729671
vdb_random-match-int-2048-angular-no-filters,IVF_PQ,30,123,795,7891,10,32,6,815,5464,False,True,37002,7731097648,3173,66,0.0,0,0.1029,0.008400841662660235,499070,84008416
vdb_random-match-int-2048-angular-no-filters,HNSW,57,364,120,6854,32,1,3,579,1678,True,False,74761,9168102402,7187,50,0.0,0,0.94988,0.06777523322962224,6561093,677752332
vdb_random-match-int-2048-angular-no-filters,HNSW,46,162,139,1403,15,64,7,718,4822,True,False,71623,2162442006,938,56,0.0,0,0.8698100000000001,0.02586504407227039,2356529,258650440
vdb_random-match-int-2048-angular-no-filters,FLAT,23,211,749,9077,32,32,2,122,6066,True,False,12366,9600916583,2695,83,0.0,0,0.9998400000000002,0.07169053182005883,316227,716905318
vdb_random-match-int-2048-angular-no-filters,IVF_FLAT,11,12,726,3807,87,32,6,125,7819,True,True,42525,9134284929,325,67,0.0,0,0.9998400000000002,0.05786482305265963,2094749,578648230
vdb_random-match-int-2048-angular-no-filters,HNSW,28,273,752,7668,51,8,8,191,6313,False,True,77014,8014574758,805,78,0.0,0,0.96295,0.03572205766104162,2417245,357220576
vdb_random-match-int-2048-angular-no-filters,AUTOINDEX,21,466,814,6791,15,16,5,117,8563,False,True,27828,6822658367,2062,27,0.0,0,0.37301999999999996,0.0037235368974506736,316227,37235368
vdb_random-match-int-2048-angular-no-filters,SCANN,53,63,392,8523,86,2,4,716,3105,False,False,53365,2322007222,4407,10,0.0,0,0.99982,0.006657101865857839,2264,66571018
vdb_random-match-int-2048-angular-no-filters,FLAT,44,438,165,8474,38,16,3,894,9686,False,False,22556,8558110540,7715,49,0.0,0,0.9998400000000002,0.07226544497534633,316227,722654449
vdb_random-match-int-2048-angular-no-filters,IVF_SQ8,12,349,821,2808,31,1,6,301,2102,True,False,33640,6287218904,1635,17,0.0,0,0.9787399999999999,0.020146833406761287,550539,201468334
vdb_random-match-int-2048-angular-no-filters,SCANN,37,467,209,6480,68,4,3,241,2905,True,True,26705,9011821940,8745,40,0.0,0,0.99897,0.0050537154544144855,762,50537154
vdb_random-match-int-2048-angular-no-filters,IVF_PQ,53,72,428,4210,6,2,3,558,289,True,True,20345,703019483,2969,66,0.0,0,0.033960000000000004,0.003962992364540688,159758,39629923
vdb_random-match-int-2048-angular-no-filters,IVF_FLAT,32,265,495,3354,52,32,7,860,256,False,False,37560,9538425570,4509,18,0.0,0,0.9998400000000002,0.055978079279884685,1103053,559780792
vdb_random-match-int-2048-angular-no-filters,IVF_PQ,52,506,299,5585,27,4,3,726,6027,True,False,70153,9033722576,2500,15,0.0,0,0.045470000000000003,0.0052758477628231035,953711,52758477
vdb_random-match-int-2048-angular-no-filters,IVF_SQ8,39,61,309,4461,85,64,7,206,3461,True,False,39592,8849600696,5537,84,0.0,0,0.9813,0.01761865746229887,2398176,176186574
vdb_random-match-int-2048-angular-no-filters,IVF_SQ8,11,494,423,3491,92,128,1,435,3691,False,False,61702,1346091259,2925,22,0.0,0,0.9813900000000001,0.017579433368518946,2031270,175794333
vdb_random-match-int-2048-angular-no-filters,HNSW,5,421,437,8365,57,1,1,367,572,False,True,45093,1165330460,4314,36,0.0,0,0.57932,0.0073093019425868955,665659,73093019
vdb_random-match-int-2048-angular-no-filters,IVF_FLAT,21,343,368,4621,39,16,1,862,7140,False,True,69933,4509607355,6624,92,0.0,0,0.9998400000000002,0.05933932471089064,1139805,593393247
vdb_random-match-int-2048-angular-no-filters,IVF_PQ,36,375,745,4415,66,16,7,238,9659,True,False,79206,5841897502,9805,30,0.0,0,0.03589,0.0071457695215940455,1842912,71457695
vdb_random-match-int-2048-angular-no-filters,FLAT,61,254,184,3045,73,128,2,777,9343,True,True,10238,6994551800,3459,67,0.0,0,0.9998400000000002,0.07611829009838401,316227,761182900
vdb_random-match-int-2048-angular-no-filters,FLAT,59,328,326,8348,44,8,9,591,4506,False,True,66882,799640671,1125,82,0.0,0,0.9998400000000002,0.07303698044270276,316227,730369804
vdb_random-match-int-2048-angular-no-filters,IVF_PQ,15,454,511,9139,72,128,2,140,2794,False,False,75837,6667047058,6046,2,0.0,0,0.10291999999999998,0.015573870064690699,4161607,155738700
vdb_random-match-int-2048-angular-no-filters,SCANN,47,303,465,5931,95,128,7,565,8098,True,True,73592,4419096969,7441,87,0.0,0,0.9997799999999999,0.006154757924377917,1786,61547579
vdb_random-match-int-2048-angular-no-filters,AUTOINDEX,21,432,438,326,6,1,6,976,415,False,True,73917,1135590700,1936,95,0.0,0,0.35752,0.0035993264988064765,316227,35993264
vdb_random-match-int-2048-angular-no-filters,AUTOINDEX,54,232,128,3151,50,64,5,684,5225,False,True,87003,6975468383,8918,5,0.0,0,0.37771,0.0034613595809787497,316227,34613595
